rep,subj,parameter,true,recovered
0,2,t,0.459842652457983,0.4524777156777885
0,3,t,0.49223274287927865,0.48652037841050944
0,7,t,0.4322490390773023,0.4538617837870828
0,8,t,0.5633754933493847,0.5688410231741454
0,9,t,0.4845594233930012,0.47359512389366976
0,10,t,0.4589635379714214,0.41832695149315585
0,11,t,0.3478185389298706,0.34936579368857656
0,12,t,0.3707681598760966,0.3866730571271196
0,13,t,0.4684129347180278,0.4859469442122014
0,15,t,0.4801705773601142,0.47008719734808685
0,16,t,0.42135427869488595,0.4292887663534996
0,17,t,0.4671531570618422,0.42402189875091345
0,18,t,0.384981994196434,0.380619227947439
0,19,t,0.42069781794379785,0.5095128879081824
0,20,t,0.46602511872635977,0.47557979741239836
0,21,t,0.43372727154040613,0.4510402673200981
0,22,t,0.38827244138594824,0.4023501227314698
0,23,t,0.40576316818696523,0.41959857281602103
0,24,t,0.5162769293134494,0.5306825744721809
0,25,t,0.5398172525835545,0.5435329729189207
0,26,t,0.4616945608865129,0.46469478678869874
0,2,v_Intercept,1.203655686405328,1.2901223380993974
0,3,v_Intercept,1.7716128892922,1.6290599650584368
0,7,v_Intercept,1.3158409171211942,1.33765588153188
0,8,v_Intercept,1.4016119361640442,1.2658808060837223
0,9,v_Intercept,1.698301243601723,1.880953872794892
0,10,v_Intercept,1.7258383630556784,1.7360966368476904
0,11,v_Intercept,1.4239612080580177,1.400104418285788
0,12,v_Intercept,1.1745034856440892,1.3068893275964077
0,13,v_Intercept,1.3217785206261379,1.4983875797636337
0,15,v_Intercept,1.4978233459312664,1.5063332876867142
0,16,v_Intercept,1.9345336952985697,1.8884027185517627
0,17,v_Intercept,1.602874344325337,1.7682016957210718
0,18,v_Intercept,1.5846087501098827,1.4387639795954121
0,19,v_Intercept,1.098454415617095,1.2563769463801906
0,20,v_Intercept,1.2194173427189468,1.382520362577918
0,21,v_Intercept,1.2050086888415668,1.235968370239192
0,22,v_Intercept,1.3020006380686766,1.5625854157130823
0,23,v_Intercept,1.6679683214708465,1.6627735613154695
0,24,v_Intercept,1.597139987808705,1.824693167115907
0,25,v_Intercept,1.472504665918717,1.5937499441973189
0,26,v_Intercept,1.9683571090383805,1.8497605877797325
0,2,a_Intercept,2.0554268620759526,1.9440670978877037
0,3,a_Intercept,1.5632258292005652,1.5894562854674978
0,7,a_Intercept,2.5775339081648743,2.5661342122141355
0,8,a_Intercept,1.6541587310192578,1.5632854542788475
0,9,a_Intercept,2.4688914567720808,2.7609116462338776
0,10,a_Intercept,3.442621210851994,3.492608001763724
0,11,a_Intercept,1.9435211320233277,1.9604106903023035
0,12,a_Intercept,2.4190648665649124,2.4087673321291927
0,13,a_Intercept,2.3072078694780287,2.452535165737628
0,15,a_Intercept,1.5338424858146076,1.6365024594632618
0,16,a_Intercept,2.0379715225415955,1.8241714244765674
0,17,a_Intercept,2.3143752266200184,2.75475452758057
0,18,a_Intercept,1.387159298711429,1.263357921017718
0,19,a_Intercept,2.9395636812692025,3.0786367187454653
0,20,a_Intercept,2.189806156450487,2.316305242769805
0,21,a_Intercept,3.0503234208360546,2.8059635367855873
0,22,a_Intercept,2.592474336801015,2.599873966293472
0,23,a_Intercept,2.4201769008968967,2.3047705066857715
0,24,a_Intercept,1.359811921139391,1.2988784521175565
0,25,a_Intercept,1.9954086279955527,1.9760683473455962
0,26,a_Intercept,1.3641438564024866,1.2191730400390197
1,2,t,0.4574235006418036,0.48730899334870986
1,3,t,0.49658163056548665,0.4906382736554543
1,7,t,0.5298619522615139,0.5185556117269745
1,8,t,0.4748506641082759,0.4671109380770245
1,9,t,0.4248413845054708,0.43311666056638537
1,10,t,0.4138888332001883,0.4131660022698727
1,11,t,0.5146999138108143,0.5066257115619021
1,12,t,0.36780119859534854,0.37643066012269555
1,13,t,0.5762949181189103,0.583130444844398
1,15,t,0.5305769569454418,0.5307201520296144
1,16,t,0.4289142014152544,0.4275453302764426
1,17,t,0.4542095284834722,0.46300151712556176
1,18,t,0.440692866098852,0.4409581665554298
1,19,t,0.46464639857565726,0.4536307560505058
1,20,t,0.44580915188637205,0.44895660077395605
1,21,t,0.37502890742327116,0.421935903066817
1,22,t,0.4295340434936067,0.430603829415551
1,23,t,0.3907658934437382,0.41039542866334444
1,24,t,0.4255740018428379,0.4431678113710128
1,25,t,0.5248643047929227,0.5142222666978014
1,26,t,0.44550969620526176,0.4549165467479901
1,2,v_Intercept,1.770606092824468,1.9124411422006926
1,3,v_Intercept,1.498437296316392,1.6741542661632696
1,7,v_Intercept,1.2929859244037745,1.4013260093511417
1,8,v_Intercept,1.6747057241118664,1.7582830722468967
1,9,v_Intercept,1.263402788759994,1.2447621781533056
1,10,v_Intercept,1.757815338713293,1.9805731993479396
1,11,v_Intercept,1.158975242488543,1.2545483709679681
1,12,v_Intercept,1.5379279596873456,1.5086044166435608
1,13,v_Intercept,1.5488113392701295,1.7439910943829462
1,15,v_Intercept,1.3055920568943846,1.6064639620823673
1,16,v_Intercept,1.1914935222320628,1.2530296600728579
1,17,v_Intercept,1.371335972805333,1.6612352258463476
1,18,v_Intercept,1.0193821387650923,1.0846031984643385
1,19,v_Intercept,2.180646431126754,2.0648535115629465
1,20,v_Intercept,1.2491488042713825,1.3725791306124806
1,21,v_Intercept,1.485140205333949,1.4644370596817764
1,22,v_Intercept,1.1115897522804208,1.3078993608815161
1,23,v_Intercept,1.7440450685448865,1.8216289637728698
1,24,v_Intercept,1.5142328915021728,1.552555688775586
1,25,v_Intercept,2.067604371948549,2.119571834009123
1,26,v_Intercept,2.1251690222178135,2.052075043822212
1,2,a_Intercept,2.1386343460465156,2.0024081448821343
1,3,a_Intercept,2.337076844033828,2.5603665487482408
1,7,a_Intercept,2.067777978763326,2.0917972628343837
1,8,a_Intercept,2.0447137018583947,1.9791803775272732
1,9,a_Intercept,2.277382506970013,2.2318122141598
1,10,a_Intercept,1.3574829023873165,1.3882933612604305
1,11,a_Intercept,2.0441335828340375,2.246664658261967
1,12,a_Intercept,2.4859660999116566,2.4281325312699162
1,13,a_Intercept,1.503399996056951,1.6018010050362699
1,15,a_Intercept,0.799396977661051,0.8950351484728768
1,16,a_Intercept,1.743819686402997,1.7495949091521121
1,17,a_Intercept,1.356410935411064,1.3107206333532282
1,18,a_Intercept,0.8355700466841007,0.8699262017104594
1,19,a_Intercept,2.4085582831025802,2.763915608824856
1,20,a_Intercept,1.3502525977862876,1.457716221293672
1,21,a_Intercept,2.930595033078922,2.7777576094594463
1,22,a_Intercept,1.403962761536097,1.4751721817976353
1,23,a_Intercept,2.2900364305140792,2.0830727052851135
1,24,a_Intercept,2.4298726259257646,2.3661660761726826
1,25,a_Intercept,2.0656531819900765,2.3725711838314525
1,26,a_Intercept,1.511978291492607,1.3884139034360907
2,2,t,0.5065144180244583,0.5078841686203535
2,3,t,0.47641852504930077,0.43727216325960305
2,7,t,0.47130141066753395,0.4679585443211974
2,8,t,0.4214966503287908,0.44089762858970194
2,9,t,0.4665371496040573,0.4790026037063558
2,10,t,0.39350344502603934,0.39120976407718916
2,11,t,0.5338432700723371,0.5171961486336636
2,12,t,0.4881857155446442,0.5023017911829457
2,13,t,0.4884155136145698,0.4663080300858603
2,15,t,0.4621988969629101,0.46829604792212604
2,16,t,0.4426012509072636,0.44253768699748025
2,17,t,0.39715152795982667,0.40391159828205986
2,18,t,0.5074746298453315,0.4718427833068404
2,19,t,0.4632489013079202,0.46717354164379593
2,20,t,0.500350622864678,0.50498466005758
2,21,t,0.3682572066954821,0.3756708165664468
2,22,t,0.43973060486458404,0.44673615383736104
2,23,t,0.41984232825676193,0.4270540505273698
2,24,t,0.506528948484501,0.5144108318217492
2,25,t,0.5019135057296742,0.5017406688765808
2,26,t,0.40458910049661956,0.4170158704620488
2,2,v_Intercept,1.5490041597081667,1.6119769584018109
2,3,v_Intercept,1.59159956138301,1.8691005299029253
2,7,v_Intercept,1.1539092046925103,1.1056305001939308
2,8,v_Intercept,1.6190291627240054,1.6665106313507498
2,9,v_Intercept,1.1740524872167937,1.0730286512875973
2,10,v_Intercept,1.816040351262128,1.910645232896195
2,11,v_Intercept,1.8547144603117163,1.8673633199352115
2,12,v_Intercept,1.393989172663976,1.5311277211542076
2,13,v_Intercept,1.0731807646816451,1.1523327391451026
2,15,v_Intercept,2.086035477954793,2.0090486293987606
2,16,v_Intercept,1.4883810744981565,1.635786539927531
2,17,v_Intercept,2.002380752065503,2.220716772168519
2,18,v_Intercept,0.9377549375478238,1.1693044097786869
2,19,v_Intercept,1.5060412992740084,1.6403474867701133
2,20,v_Intercept,2.2723204782548203,2.3893855951555825
2,21,v_Intercept,0.9664685342271352,1.027733660193955
2,22,v_Intercept,1.6556297824421884,1.6749197291616058
2,23,v_Intercept,1.720041022786992,1.9732247275753236
2,24,v_Intercept,2.094375125592698,2.135754812738406
2,25,v_Intercept,1.5751044055854695,1.5643715499810296
2,26,v_Intercept,1.8041413247947289,1.816017038662347
2,2,a_Intercept,1.3205001452948455,1.249382007863088
2,3,a_Intercept,2.0953038339165233,2.538862673145639
2,7,a_Intercept,1.6815934482953134,1.6984952453684297
2,8,a_Intercept,2.2014833767555055,1.9654242929180736
2,9,a_Intercept,1.237763896954449,1.1545909977575848
2,10,a_Intercept,0.6275157409144958,0.6741436414426007
2,11,a_Intercept,2.137578432567121,2.0821938771316044
2,12,a_Intercept,2.5660690845379848,2.656313929284216
2,13,a_Intercept,2.236674120596599,1.992342499868502
2,15,a_Intercept,1.6457872252505052,1.6937949744592644
2,16,a_Intercept,0.7301329277528794,0.6618445227813805
2,17,a_Intercept,2.927816424809504,2.9913761145605715
2,18,a_Intercept,2.7416352465935274,2.718414178773853
2,19,a_Intercept,1.4036855504051955,1.5764979158810828
2,20,a_Intercept,1.5594656625779095,1.5991011318590815
2,21,a_Intercept,1.4175297092501973,1.3675035449069493
2,22,a_Intercept,1.7795500189254203,1.7780532166773764
2,23,a_Intercept,2.1004354090728774,2.19832171070418
2,24,a_Intercept,1.9442500540491523,1.7701949962732244
2,25,a_Intercept,0.5571152806535768,0.545274686288526
2,26,a_Intercept,1.1569589846801764,1.239832423603874
3,2,t,0.4131152192213252,0.43150308567893847
3,3,t,0.4455605426759777,0.4772519777819909
3,7,t,0.41738394691743785,0.4472775612032323
3,8,t,0.3996445892561571,0.40456848668221074
3,9,t,0.30967911256494796,0.2972884957524947
3,10,t,0.3704919863376349,0.38346473785572766
3,11,t,0.476535137965743,0.47287841724611707
3,12,t,0.39841739426418793,0.38814162513232353
3,13,t,0.47828506517069,0.4656076218637702
3,15,t,0.446944584143666,0.4460961282835736
3,16,t,0.5830967172450192,0.5820570093814967
3,17,t,0.4165649968780247,0.42001545973948085
3,18,t,0.3522022971690329,0.3495061542673662
3,19,t,0.39745166847642077,0.3808443010471658
3,20,t,0.566218251191288,0.5811572241887218
3,21,t,0.26891521782667116,0.3077089848681236
3,22,t,0.47165152203869676,0.49144211758800205
3,23,t,0.4106261606107876,0.38075749699863226
3,24,t,0.4499151212410564,0.44392123052758836
3,25,t,0.3867433250735619,0.39455434799193345
3,26,t,0.3101636738078267,0.30784506804292294
3,2,v_Intercept,1.2559907181626189,1.2778460955475013
3,3,v_Intercept,1.2650042813781046,1.5066555565894835
3,7,v_Intercept,1.0993075191529964,1.0595424835197031
3,8,v_Intercept,1.1624551623699624,1.3986010067352486
3,9,v_Intercept,1.7392920542099712,1.872716126152252
3,10,v_Intercept,1.8497063296536878,1.9784226137459806
3,11,v_Intercept,0.9258338771229874,0.8654844091511626
3,12,v_Intercept,1.6364916803808478,1.9002088246655267
3,13,v_Intercept,1.88727633859005,1.796785239135034
3,15,v_Intercept,1.4498233951873238,1.8163931020920059
3,16,v_Intercept,2.3396456747582848,2.2451465665039416
3,17,v_Intercept,2.7135392767502973,2.622377697163962
3,18,v_Intercept,1.91483387894392,1.9925261655685949
3,19,v_Intercept,1.4503346625903002,1.4371394508582442
3,20,v_Intercept,0.48045432272970934,0.4662086309214654
3,21,v_Intercept,1.5514743653072647,1.6795100237176728
3,22,v_Intercept,2.6277701164968152,2.693189619086945
3,23,v_Intercept,1.707687253030046,1.8705704842489475
3,24,v_Intercept,1.8658742229859169,1.7530956804810391
3,25,v_Intercept,1.3546287005545308,1.3645712312345657
3,26,v_Intercept,1.8502757190416124,1.883267258280798
3,2,a_Intercept,2.2833489476797046,2.213678917789704
3,3,a_Intercept,2.337622937867863,2.1962670113747786
3,7,a_Intercept,1.8405742778854524,1.7386251105746953
3,8,a_Intercept,2.1344180490868774,2.262711820583512
3,9,a_Intercept,2.0779003250165164,2.210384889650145
3,10,a_Intercept,1.6906979939106404,1.6940955986970392
3,11,a_Intercept,1.0951363725999177,1.1176389872799946
3,12,a_Intercept,2.0347146927809865,2.182124687807192
3,13,a_Intercept,1.262828480546116,1.2604190112324016
3,15,a_Intercept,1.2188199826566994,1.2945114312584716
3,16,a_Intercept,0.9385758072578166,0.9522782681498208
3,17,a_Intercept,2.8182113019222514,2.6310205737522394
3,18,a_Intercept,0.9054284360851285,0.9944182251488702
3,19,a_Intercept,2.0333985086491446,2.14669846552962
3,20,a_Intercept,2.002583390086966,1.9657683291804793
3,21,a_Intercept,2.318743498926278,2.209164623896394
3,22,a_Intercept,2.7740781728572803,2.5455072663783143
3,23,a_Intercept,2.7918767774610327,2.9328060588668357
3,24,a_Intercept,1.9243522923185197,1.868848073560507
3,25,a_Intercept,2.2360755436904283,2.164866932302513
3,26,a_Intercept,1.178333482727667,1.234104916618986
4,2,t,0.3987883475222066,0.39082805226302364
4,3,t,0.44114988981570524,0.4448667007051006
4,7,t,0.43477884995651167,0.44601474565332894
4,8,t,0.36785574588723036,0.36992850613514944
4,9,t,0.46688817518380243,0.47085667151699423
4,10,t,0.4229466735874189,0.42102677349314527
4,11,t,0.47767839740054874,0.464234553501347
4,12,t,0.4115555080262719,0.41155430767296597
4,13,t,0.44042224915489725,0.43832091442797333
4,15,t,0.4079018341946539,0.41173182608248937
4,16,t,0.46003252119614657,0.4481235506798513
4,17,t,0.4228585221450408,0.4159795601705046
4,18,t,0.3825593189819775,0.38830483084986545
4,19,t,0.45130878975477035,0.46282716756058373
4,20,t,0.3604972957206295,0.3738189993345072
4,21,t,0.49555302432609005,0.48492068862304866
4,22,t,0.5075721048956346,0.5211044890139553
4,23,t,0.4655437850468877,0.4614664880067153
4,24,t,0.40734196786671184,0.4177498567870699
4,25,t,0.40065412373386555,0.39908123598825923
4,26,t,0.3813743941581625,0.4115723353523046
4,2,v_Intercept,1.5747950865215297,1.678722678073442
4,3,v_Intercept,1.16620084226387,1.2502627498809564
4,7,v_Intercept,0.9344124003439468,1.006022923846701
4,8,v_Intercept,1.510057623307547,1.4324171485896107
4,9,v_Intercept,1.4795154522881826,1.574880633407922
4,10,v_Intercept,1.1336201256056362,1.2245769388252916
4,11,v_Intercept,1.8158035559014432,1.8368881410673639
4,12,v_Intercept,1.3431878421911532,1.5506879904169348
4,13,v_Intercept,1.3262884657988574,1.520989108083406
4,15,v_Intercept,0.7757719012854685,0.8663122745899465
4,16,v_Intercept,1.1979762890895291,1.1397062036908616
4,17,v_Intercept,1.1122338404284795,1.3436081734475562
4,18,v_Intercept,1.4087350874745064,1.4798305241455738
4,19,v_Intercept,1.28239086515683,1.1523161912090605
4,20,v_Intercept,1.2863455365126724,1.4055871354862404
4,21,v_Intercept,1.036641085032777,0.9758170163572493
4,22,v_Intercept,1.503095198781595,1.4772341773397824
4,23,v_Intercept,1.155348257707286,1.232934033939229
4,24,v_Intercept,0.956098749340303,1.0300685014177278
4,25,v_Intercept,1.6596590555039885,1.842181297078688
4,26,v_Intercept,1.3390387987643537,1.2402578052598756
4,2,a_Intercept,1.6284898531555951,1.8243932529961564
4,3,a_Intercept,1.1456037947164086,1.1717538411322095
4,7,a_Intercept,2.2471657798633426,2.244161436797049
4,8,a_Intercept,1.283230444582784,1.338886772303001
4,9,a_Intercept,2.13797454374801,1.9622893666030987
4,10,a_Intercept,1.3231246416759164,1.452835808770078
4,11,a_Intercept,1.4353952117791118,1.488171668925476
4,12,a_Intercept,0.48286475761650327,0.5253485104915256
4,13,a_Intercept,2.3142724701378565,2.2745261822915808
4,15,a_Intercept,1.3569500587552987,1.3803785751311575
4,16,a_Intercept,1.8537678382497003,1.8092716894665364
4,17,a_Intercept,1.3971876089879713,1.39413031255799
4,18,a_Intercept,1.6017062034860166,1.5180145022794649
4,19,a_Intercept,3.0681343950339053,2.891983065668753
4,20,a_Intercept,2.0915564314909365,1.8443316437388515
4,21,a_Intercept,3.0199446662147773,2.853016099817429
4,22,a_Intercept,1.6426488233461325,1.5558466702970204
4,23,a_Intercept,1.5186886777740827,1.4237154680304134
4,24,a_Intercept,1.932611262943403,1.9191235011084646
4,25,a_Intercept,2.1716840147411243,2.175342726350333
4,26,a_Intercept,1.6398205367431191,1.5558443745520765
