draw,dwell_quintile,p_choose_S
0,E>>S,
0,E>S,
0,S~E,
0,S>E,
0,S>>E,
1,E>>S,
1,E>S,
1,S~E,
1,S>E,
1,S>>E,
2,E>>S,
2,E>S,
2,S~E,
2,S>E,
2,S>>E,
3,E>>S,
3,E>S,
3,S~E,
3,S>E,
3,S>>E,
4,E>>S,
4,E>S,
4,S~E,
4,S>E,
4,S>>E,
5,E>>S,
5,E>S,
5,S~E,
5,S>E,
5,S>>E,
6,E>>S,
6,E>S,
6,S~E,
6,S>E,
6,S>>E,
7,E>>S,
7,E>S,
7,S~E,
7,S>E,
7,S>>E,
8,E>>S,
8,E>S,
8,S~E,
8,S>E,
8,S>>E,
9,E>>S,
9,E>S,
9,S~E,
9,S>E,
9,S>>E,
10,E>>S,
10,E>S,
10,S~E,
10,S>E,
10,S>>E,
11,E>>S,
11,E>S,
11,S~E,
11,S>E,
11,S>>E,
12,E>>S,
12,E>S,
12,S~E,
12,S>E,
12,S>>E,
13,E>>S,
13,E>S,
13,S~E,
13,S>E,
13,S>>E,
14,E>>S,
14,E>S,
14,S~E,
14,S>E,
14,S>>E,
15,E>>S,
15,E>S,
15,S~E,
15,S>E,
15,S>>E,
16,E>>S,
16,E>S,
16,S~E,
16,S>E,
16,S>>E,
17,E>>S,
17,E>S,
17,S~E,
17,S>E,
17,S>>E,
18,E>>S,
18,E>S,
18,S~E,
18,S>E,
18,S>>E,
19,E>>S,
19,E>S,
19,S~E,
19,S>E,
19,S>>E,
20,E>>S,
20,E>S,
20,S~E,
20,S>E,
20,S>>E,
21,E>>S,
21,E>S,
21,S~E,
21,S>E,
21,S>>E,
22,E>>S,
22,E>S,
22,S~E,
22,S>E,
22,S>>E,
23,E>>S,
23,E>S,
23,S~E,
23,S>E,
23,S>>E,
24,E>>S,
24,E>S,
24,S~E,
24,S>E,
24,S>>E,
25,E>>S,
25,E>S,
25,S~E,
25,S>E,
25,S>>E,
26,E>>S,
26,E>S,
26,S~E,
26,S>E,
26,S>>E,
27,E>>S,
27,E>S,
27,S~E,
27,S>E,
27,S>>E,
28,E>>S,
28,E>S,
28,S~E,
28,S>E,
28,S>>E,
29,E>>S,
29,E>S,
29,S~E,
29,S>E,
29,S>>E,
30,E>>S,
30,E>S,
30,S~E,
30,S>E,
30,S>>E,
31,E>>S,
31,E>S,
31,S~E,
31,S>E,
31,S>>E,
32,E>>S,
32,E>S,
32,S~E,
32,S>E,
32,S>>E,
33,E>>S,
33,E>S,
33,S~E,
33,S>E,
33,S>>E,
34,E>>S,
34,E>S,
34,S~E,
34,S>E,
34,S>>E,
35,E>>S,
35,E>S,
35,S~E,
35,S>E,
35,S>>E,
36,E>>S,
36,E>S,
36,S~E,
36,S>E,
36,S>>E,
37,E>>S,
37,E>S,
37,S~E,
37,S>E,
37,S>>E,
38,E>>S,
38,E>S,
38,S~E,
38,S>E,
38,S>>E,
39,E>>S,
39,E>S,
39,S~E,
39,S>E,
39,S>>E,
40,E>>S,
40,E>S,
40,S~E,
40,S>E,
40,S>>E,
41,E>>S,
41,E>S,
41,S~E,
41,S>E,
41,S>>E,
42,E>>S,
42,E>S,
42,S~E,
42,S>E,
42,S>>E,
43,E>>S,
43,E>S,
43,S~E,
43,S>E,
43,S>>E,
44,E>>S,
44,E>S,
44,S~E,
44,S>E,
44,S>>E,
45,E>>S,
45,E>S,
45,S~E,
45,S>E,
45,S>>E,
46,E>>S,
46,E>S,
46,S~E,
46,S>E,
46,S>>E,
47,E>>S,
47,E>S,
47,S~E,
47,S>E,
47,S>>E,
48,E>>S,
48,E>S,
48,S~E,
48,S>E,
48,S>>E,
49,E>>S,
49,E>S,
49,S~E,
49,S>E,
49,S>>E,
50,E>>S,
50,E>S,
50,S~E,
50,S>E,
50,S>>E,
51,E>>S,
51,E>S,
51,S~E,
51,S>E,
51,S>>E,
52,E>>S,
52,E>S,
52,S~E,
52,S>E,
52,S>>E,
53,E>>S,
53,E>S,
53,S~E,
53,S>E,
53,S>>E,
54,E>>S,
54,E>S,
54,S~E,
54,S>E,
54,S>>E,
55,E>>S,
55,E>S,
55,S~E,
55,S>E,
55,S>>E,
56,E>>S,
56,E>S,
56,S~E,
56,S>E,
56,S>>E,
57,E>>S,
57,E>S,
57,S~E,
57,S>E,
57,S>>E,
58,E>>S,
58,E>S,
58,S~E,
58,S>E,
58,S>>E,
59,E>>S,
59,E>S,
59,S~E,
59,S>E,
59,S>>E,
60,E>>S,
60,E>S,
60,S~E,
60,S>E,
60,S>>E,
61,E>>S,
61,E>S,
61,S~E,
61,S>E,
61,S>>E,
62,E>>S,
62,E>S,
62,S~E,
62,S>E,
62,S>>E,
63,E>>S,
63,E>S,
63,S~E,
63,S>E,
63,S>>E,
64,E>>S,
64,E>S,
64,S~E,
64,S>E,
64,S>>E,
65,E>>S,
65,E>S,
65,S~E,
65,S>E,
65,S>>E,
66,E>>S,
66,E>S,
66,S~E,
66,S>E,
66,S>>E,
67,E>>S,
67,E>S,
67,S~E,
67,S>E,
67,S>>E,
68,E>>S,
68,E>S,
68,S~E,
68,S>E,
68,S>>E,
69,E>>S,
69,E>S,
69,S~E,
69,S>E,
69,S>>E,
70,E>>S,
70,E>S,
70,S~E,
70,S>E,
70,S>>E,
71,E>>S,
71,E>S,
71,S~E,
71,S>E,
71,S>>E,
72,E>>S,
72,E>S,
72,S~E,
72,S>E,
72,S>>E,
73,E>>S,
73,E>S,
73,S~E,
73,S>E,
73,S>>E,
74,E>>S,
74,E>S,
74,S~E,
74,S>E,
74,S>>E,
75,E>>S,
75,E>S,
75,S~E,
75,S>E,
75,S>>E,
76,E>>S,
76,E>S,
76,S~E,
76,S>E,
76,S>>E,
77,E>>S,
77,E>S,
77,S~E,
77,S>E,
77,S>>E,
78,E>>S,
78,E>S,
78,S~E,
78,S>E,
78,S>>E,
79,E>>S,
79,E>S,
79,S~E,
79,S>E,
79,S>>E,
80,E>>S,
80,E>S,
80,S~E,
80,S>E,
80,S>>E,
81,E>>S,
81,E>S,
81,S~E,
81,S>E,
81,S>>E,
82,E>>S,
82,E>S,
82,S~E,
82,S>E,
82,S>>E,
83,E>>S,
83,E>S,
83,S~E,
83,S>E,
83,S>>E,
84,E>>S,
84,E>S,
84,S~E,
84,S>E,
84,S>>E,
85,E>>S,
85,E>S,
85,S~E,
85,S>E,
85,S>>E,
86,E>>S,
86,E>S,
86,S~E,
86,S>E,
86,S>>E,
87,E>>S,
87,E>S,
87,S~E,
87,S>E,
87,S>>E,
88,E>>S,
88,E>S,
88,S~E,
88,S>E,
88,S>>E,
89,E>>S,
89,E>S,
89,S~E,
89,S>E,
89,S>>E,
90,E>>S,
90,E>S,
90,S~E,
90,S>E,
90,S>>E,
91,E>>S,
91,E>S,
91,S~E,
91,S>E,
91,S>>E,
92,E>>S,
92,E>S,
92,S~E,
92,S>E,
92,S>>E,
93,E>>S,
93,E>S,
93,S~E,
93,S>E,
93,S>>E,
94,E>>S,
94,E>S,
94,S~E,
94,S>E,
94,S>>E,
95,E>>S,
95,E>S,
95,S~E,
95,S>E,
95,S>>E,
96,E>>S,
96,E>S,
96,S~E,
96,S>E,
96,S>>E,
97,E>>S,
97,E>S,
97,S~E,
97,S>E,
97,S>>E,
98,E>>S,
98,E>S,
98,S~E,
98,S>E,
98,S>>E,
99,E>>S,
99,E>S,
99,S~E,
99,S>E,
99,S>>E,
100,E>>S,
100,E>S,
100,S~E,
100,S>E,
100,S>>E,
101,E>>S,
101,E>S,
101,S~E,
101,S>E,
101,S>>E,
102,E>>S,
102,E>S,
102,S~E,
102,S>E,
102,S>>E,
103,E>>S,
103,E>S,
103,S~E,
103,S>E,
103,S>>E,
104,E>>S,
104,E>S,
104,S~E,
104,S>E,
104,S>>E,
105,E>>S,
105,E>S,
105,S~E,
105,S>E,
105,S>>E,
106,E>>S,
106,E>S,
106,S~E,
106,S>E,
106,S>>E,
107,E>>S,
107,E>S,
107,S~E,
107,S>E,
107,S>>E,
108,E>>S,
108,E>S,
108,S~E,
108,S>E,
108,S>>E,
109,E>>S,
109,E>S,
109,S~E,
109,S>E,
109,S>>E,
110,E>>S,
110,E>S,
110,S~E,
110,S>E,
110,S>>E,
111,E>>S,
111,E>S,
111,S~E,
111,S>E,
111,S>>E,
112,E>>S,
112,E>S,
112,S~E,
112,S>E,
112,S>>E,
113,E>>S,
113,E>S,
113,S~E,
113,S>E,
113,S>>E,
114,E>>S,
114,E>S,
114,S~E,
114,S>E,
114,S>>E,
115,E>>S,
115,E>S,
115,S~E,
115,S>E,
115,S>>E,
116,E>>S,
116,E>S,
116,S~E,
116,S>E,
116,S>>E,
117,E>>S,
117,E>S,
117,S~E,
117,S>E,
117,S>>E,
118,E>>S,
118,E>S,
118,S~E,
118,S>E,
118,S>>E,
119,E>>S,
119,E>S,
119,S~E,
119,S>E,
119,S>>E,
120,E>>S,
120,E>S,
120,S~E,
120,S>E,
120,S>>E,
121,E>>S,
121,E>S,
121,S~E,
121,S>E,
121,S>>E,
122,E>>S,
122,E>S,
122,S~E,
122,S>E,
122,S>>E,
123,E>>S,
123,E>S,
123,S~E,
123,S>E,
123,S>>E,
124,E>>S,
124,E>S,
124,S~E,
124,S>E,
124,S>>E,
125,E>>S,
125,E>S,
125,S~E,
125,S>E,
125,S>>E,
126,E>>S,
126,E>S,
126,S~E,
126,S>E,
126,S>>E,
127,E>>S,
127,E>S,
127,S~E,
127,S>E,
127,S>>E,
128,E>>S,
128,E>S,
128,S~E,
128,S>E,
128,S>>E,
129,E>>S,
129,E>S,
129,S~E,
129,S>E,
129,S>>E,
130,E>>S,
130,E>S,
130,S~E,
130,S>E,
130,S>>E,
131,E>>S,
131,E>S,
131,S~E,
131,S>E,
131,S>>E,
132,E>>S,
132,E>S,
132,S~E,
132,S>E,
132,S>>E,
133,E>>S,
133,E>S,
133,S~E,
133,S>E,
133,S>>E,
134,E>>S,
134,E>S,
134,S~E,
134,S>E,
134,S>>E,
135,E>>S,
135,E>S,
135,S~E,
135,S>E,
135,S>>E,
136,E>>S,
136,E>S,
136,S~E,
136,S>E,
136,S>>E,
137,E>>S,
137,E>S,
137,S~E,
137,S>E,
137,S>>E,
138,E>>S,
138,E>S,
138,S~E,
138,S>E,
138,S>>E,
139,E>>S,
139,E>S,
139,S~E,
139,S>E,
139,S>>E,
140,E>>S,
140,E>S,
140,S~E,
140,S>E,
140,S>>E,
141,E>>S,
141,E>S,
141,S~E,
141,S>E,
141,S>>E,
142,E>>S,
142,E>S,
142,S~E,
142,S>E,
142,S>>E,
143,E>>S,
143,E>S,
143,S~E,
143,S>E,
143,S>>E,
144,E>>S,
144,E>S,
144,S~E,
144,S>E,
144,S>>E,
145,E>>S,
145,E>S,
145,S~E,
145,S>E,
145,S>>E,
146,E>>S,
146,E>S,
146,S~E,
146,S>E,
146,S>>E,
147,E>>S,
147,E>S,
147,S~E,
147,S>E,
147,S>>E,
148,E>>S,
148,E>S,
148,S~E,
148,S>E,
148,S>>E,
149,E>>S,
149,E>S,
149,S~E,
149,S>E,
149,S>>E,
150,E>>S,
150,E>S,
150,S~E,
150,S>E,
150,S>>E,
151,E>>S,
151,E>S,
151,S~E,
151,S>E,
151,S>>E,
152,E>>S,
152,E>S,
152,S~E,
152,S>E,
152,S>>E,
153,E>>S,
153,E>S,
153,S~E,
153,S>E,
153,S>>E,
154,E>>S,
154,E>S,
154,S~E,
154,S>E,
154,S>>E,
155,E>>S,
155,E>S,
155,S~E,
155,S>E,
155,S>>E,
156,E>>S,
156,E>S,
156,S~E,
156,S>E,
156,S>>E,
157,E>>S,
157,E>S,
157,S~E,
157,S>E,
157,S>>E,
158,E>>S,
158,E>S,
158,S~E,
158,S>E,
158,S>>E,
159,E>>S,
159,E>S,
159,S~E,
159,S>E,
159,S>>E,
160,E>>S,
160,E>S,
160,S~E,
160,S>E,
160,S>>E,
161,E>>S,
161,E>S,
161,S~E,
161,S>E,
161,S>>E,
162,E>>S,
162,E>S,
162,S~E,
162,S>E,
162,S>>E,
163,E>>S,
163,E>S,
163,S~E,
163,S>E,
163,S>>E,
164,E>>S,
164,E>S,
164,S~E,
164,S>E,
164,S>>E,
165,E>>S,
165,E>S,
165,S~E,
165,S>E,
165,S>>E,
166,E>>S,
166,E>S,
166,S~E,
166,S>E,
166,S>>E,
167,E>>S,
167,E>S,
167,S~E,
167,S>E,
167,S>>E,
168,E>>S,
168,E>S,
168,S~E,
168,S>E,
168,S>>E,
169,E>>S,
169,E>S,
169,S~E,
169,S>E,
169,S>>E,
170,E>>S,
170,E>S,
170,S~E,
170,S>E,
170,S>>E,
171,E>>S,
171,E>S,
171,S~E,
171,S>E,
171,S>>E,
172,E>>S,
172,E>S,
172,S~E,
172,S>E,
172,S>>E,
173,E>>S,
173,E>S,
173,S~E,
173,S>E,
173,S>>E,
174,E>>S,
174,E>S,
174,S~E,
174,S>E,
174,S>>E,
175,E>>S,
175,E>S,
175,S~E,
175,S>E,
175,S>>E,
176,E>>S,
176,E>S,
176,S~E,
176,S>E,
176,S>>E,
177,E>>S,
177,E>S,
177,S~E,
177,S>E,
177,S>>E,
178,E>>S,
178,E>S,
178,S~E,
178,S>E,
178,S>>E,
179,E>>S,
179,E>S,
179,S~E,
179,S>E,
179,S>>E,
180,E>>S,
180,E>S,
180,S~E,
180,S>E,
180,S>>E,
181,E>>S,
181,E>S,
181,S~E,
181,S>E,
181,S>>E,
182,E>>S,
182,E>S,
182,S~E,
182,S>E,
182,S>>E,
183,E>>S,
183,E>S,
183,S~E,
183,S>E,
183,S>>E,
184,E>>S,
184,E>S,
184,S~E,
184,S>E,
184,S>>E,
185,E>>S,
185,E>S,
185,S~E,
185,S>E,
185,S>>E,
186,E>>S,
186,E>S,
186,S~E,
186,S>E,
186,S>>E,
187,E>>S,
187,E>S,
187,S~E,
187,S>E,
187,S>>E,
188,E>>S,
188,E>S,
188,S~E,
188,S>E,
188,S>>E,
189,E>>S,
189,E>S,
189,S~E,
189,S>E,
189,S>>E,
190,E>>S,
190,E>S,
190,S~E,
190,S>E,
190,S>>E,
191,E>>S,
191,E>S,
191,S~E,
191,S>E,
191,S>>E,
192,E>>S,
192,E>S,
192,S~E,
192,S>E,
192,S>>E,
193,E>>S,
193,E>S,
193,S~E,
193,S>E,
193,S>>E,
194,E>>S,
194,E>S,
194,S~E,
194,S>E,
194,S>>E,
195,E>>S,
195,E>S,
195,S~E,
195,S>E,
195,S>>E,
196,E>>S,
196,E>S,
196,S~E,
196,S>E,
196,S>>E,
197,E>>S,
197,E>S,
197,S~E,
197,S>E,
197,S>>E,
198,E>>S,
198,E>S,
198,S~E,
198,S>E,
198,S>>E,
199,E>>S,
199,E>S,
199,S~E,
199,S>E,
199,S>>E,
200,E>>S,
200,E>S,
200,S~E,
200,S>E,
200,S>>E,
201,E>>S,
201,E>S,
201,S~E,
201,S>E,
201,S>>E,
202,E>>S,
202,E>S,
202,S~E,
202,S>E,
202,S>>E,
203,E>>S,
203,E>S,
203,S~E,
203,S>E,
203,S>>E,
204,E>>S,
204,E>S,
204,S~E,
204,S>E,
204,S>>E,
205,E>>S,
205,E>S,
205,S~E,
205,S>E,
205,S>>E,
206,E>>S,
206,E>S,
206,S~E,
206,S>E,
206,S>>E,
207,E>>S,
207,E>S,
207,S~E,
207,S>E,
207,S>>E,
208,E>>S,
208,E>S,
208,S~E,
208,S>E,
208,S>>E,
209,E>>S,
209,E>S,
209,S~E,
209,S>E,
209,S>>E,
210,E>>S,
210,E>S,
210,S~E,
210,S>E,
210,S>>E,
211,E>>S,
211,E>S,
211,S~E,
211,S>E,
211,S>>E,
212,E>>S,
212,E>S,
212,S~E,
212,S>E,
212,S>>E,
213,E>>S,
213,E>S,
213,S~E,
213,S>E,
213,S>>E,
214,E>>S,
214,E>S,
214,S~E,
214,S>E,
214,S>>E,
215,E>>S,
215,E>S,
215,S~E,
215,S>E,
215,S>>E,
216,E>>S,
216,E>S,
216,S~E,
216,S>E,
216,S>>E,
217,E>>S,
217,E>S,
217,S~E,
217,S>E,
217,S>>E,
218,E>>S,
218,E>S,
218,S~E,
218,S>E,
218,S>>E,
219,E>>S,
219,E>S,
219,S~E,
219,S>E,
219,S>>E,
220,E>>S,
220,E>S,
220,S~E,
220,S>E,
220,S>>E,
221,E>>S,
221,E>S,
221,S~E,
221,S>E,
221,S>>E,
222,E>>S,
222,E>S,
222,S~E,
222,S>E,
222,S>>E,
223,E>>S,
223,E>S,
223,S~E,
223,S>E,
223,S>>E,
224,E>>S,
224,E>S,
224,S~E,
224,S>E,
224,S>>E,
225,E>>S,
225,E>S,
225,S~E,
225,S>E,
225,S>>E,
226,E>>S,
226,E>S,
226,S~E,
226,S>E,
226,S>>E,
227,E>>S,
227,E>S,
227,S~E,
227,S>E,
227,S>>E,
228,E>>S,
228,E>S,
228,S~E,
228,S>E,
228,S>>E,
229,E>>S,
229,E>S,
229,S~E,
229,S>E,
229,S>>E,
230,E>>S,
230,E>S,
230,S~E,
230,S>E,
230,S>>E,
231,E>>S,
231,E>S,
231,S~E,
231,S>E,
231,S>>E,
232,E>>S,
232,E>S,
232,S~E,
232,S>E,
232,S>>E,
233,E>>S,
233,E>S,
233,S~E,
233,S>E,
233,S>>E,
234,E>>S,
234,E>S,
234,S~E,
234,S>E,
234,S>>E,
235,E>>S,
235,E>S,
235,S~E,
235,S>E,
235,S>>E,
236,E>>S,
236,E>S,
236,S~E,
236,S>E,
236,S>>E,
237,E>>S,
237,E>S,
237,S~E,
237,S>E,
237,S>>E,
238,E>>S,
238,E>S,
238,S~E,
238,S>E,
238,S>>E,
239,E>>S,
239,E>S,
239,S~E,
239,S>E,
239,S>>E,
240,E>>S,
240,E>S,
240,S~E,
240,S>E,
240,S>>E,
241,E>>S,
241,E>S,
241,S~E,
241,S>E,
241,S>>E,
242,E>>S,
242,E>S,
242,S~E,
242,S>E,
242,S>>E,
243,E>>S,
243,E>S,
243,S~E,
243,S>E,
243,S>>E,
244,E>>S,
244,E>S,
244,S~E,
244,S>E,
244,S>>E,
245,E>>S,
245,E>S,
245,S~E,
245,S>E,
245,S>>E,
246,E>>S,
246,E>S,
246,S~E,
246,S>E,
246,S>>E,
247,E>>S,
247,E>S,
247,S~E,
247,S>E,
247,S>>E,
248,E>>S,
248,E>S,
248,S~E,
248,S>E,
248,S>>E,
249,E>>S,
249,E>S,
249,S~E,
249,S>E,
249,S>>E,
250,E>>S,
250,E>S,
250,S~E,
250,S>E,
250,S>>E,
251,E>>S,
251,E>S,
251,S~E,
251,S>E,
251,S>>E,
252,E>>S,
252,E>S,
252,S~E,
252,S>E,
252,S>>E,
253,E>>S,
253,E>S,
253,S~E,
253,S>E,
253,S>>E,
254,E>>S,
254,E>S,
254,S~E,
254,S>E,
254,S>>E,
255,E>>S,
255,E>S,
255,S~E,
255,S>E,
255,S>>E,
256,E>>S,
256,E>S,
256,S~E,
256,S>E,
256,S>>E,
257,E>>S,
257,E>S,
257,S~E,
257,S>E,
257,S>>E,
258,E>>S,
258,E>S,
258,S~E,
258,S>E,
258,S>>E,
259,E>>S,
259,E>S,
259,S~E,
259,S>E,
259,S>>E,
260,E>>S,
260,E>S,
260,S~E,
260,S>E,
260,S>>E,
261,E>>S,
261,E>S,
261,S~E,
261,S>E,
261,S>>E,
262,E>>S,
262,E>S,
262,S~E,
262,S>E,
262,S>>E,
263,E>>S,
263,E>S,
263,S~E,
263,S>E,
263,S>>E,
264,E>>S,
264,E>S,
264,S~E,
264,S>E,
264,S>>E,
265,E>>S,
265,E>S,
265,S~E,
265,S>E,
265,S>>E,
266,E>>S,
266,E>S,
266,S~E,
266,S>E,
266,S>>E,
267,E>>S,
267,E>S,
267,S~E,
267,S>E,
267,S>>E,
268,E>>S,
268,E>S,
268,S~E,
268,S>E,
268,S>>E,
269,E>>S,
269,E>S,
269,S~E,
269,S>E,
269,S>>E,
270,E>>S,
270,E>S,
270,S~E,
270,S>E,
270,S>>E,
271,E>>S,
271,E>S,
271,S~E,
271,S>E,
271,S>>E,
272,E>>S,
272,E>S,
272,S~E,
272,S>E,
272,S>>E,
273,E>>S,
273,E>S,
273,S~E,
273,S>E,
273,S>>E,
274,E>>S,
274,E>S,
274,S~E,
274,S>E,
274,S>>E,
275,E>>S,
275,E>S,
275,S~E,
275,S>E,
275,S>>E,
276,E>>S,
276,E>S,
276,S~E,
276,S>E,
276,S>>E,
277,E>>S,
277,E>S,
277,S~E,
277,S>E,
277,S>>E,
278,E>>S,
278,E>S,
278,S~E,
278,S>E,
278,S>>E,
279,E>>S,
279,E>S,
279,S~E,
279,S>E,
279,S>>E,
280,E>>S,
280,E>S,
280,S~E,
280,S>E,
280,S>>E,
281,E>>S,
281,E>S,
281,S~E,
281,S>E,
281,S>>E,
282,E>>S,
282,E>S,
282,S~E,
282,S>E,
282,S>>E,
283,E>>S,
283,E>S,
283,S~E,
283,S>E,
283,S>>E,
284,E>>S,
284,E>S,
284,S~E,
284,S>E,
284,S>>E,
285,E>>S,
285,E>S,
285,S~E,
285,S>E,
285,S>>E,
286,E>>S,
286,E>S,
286,S~E,
286,S>E,
286,S>>E,
287,E>>S,
287,E>S,
287,S~E,
287,S>E,
287,S>>E,
288,E>>S,
288,E>S,
288,S~E,
288,S>E,
288,S>>E,
289,E>>S,
289,E>S,
289,S~E,
289,S>E,
289,S>>E,
290,E>>S,
290,E>S,
290,S~E,
290,S>E,
290,S>>E,
291,E>>S,
291,E>S,
291,S~E,
291,S>E,
291,S>>E,
292,E>>S,
292,E>S,
292,S~E,
292,S>E,
292,S>>E,
293,E>>S,
293,E>S,
293,S~E,
293,S>E,
293,S>>E,
294,E>>S,
294,E>S,
294,S~E,
294,S>E,
294,S>>E,
295,E>>S,
295,E>S,
295,S~E,
295,S>E,
295,S>>E,
296,E>>S,
296,E>S,
296,S~E,
296,S>E,
296,S>>E,
297,E>>S,
297,E>S,
297,S~E,
297,S>E,
297,S>>E,
298,E>>S,
298,E>S,
298,S~E,
298,S>E,
298,S>>E,
299,E>>S,
299,E>S,
299,S~E,
299,S>E,
299,S>>E,
300,E>>S,
300,E>S,
300,S~E,
300,S>E,
300,S>>E,
301,E>>S,
301,E>S,
301,S~E,
301,S>E,
301,S>>E,
302,E>>S,
302,E>S,
302,S~E,
302,S>E,
302,S>>E,
303,E>>S,
303,E>S,
303,S~E,
303,S>E,
303,S>>E,
304,E>>S,
304,E>S,
304,S~E,
304,S>E,
304,S>>E,
305,E>>S,
305,E>S,
305,S~E,
305,S>E,
305,S>>E,
306,E>>S,
306,E>S,
306,S~E,
306,S>E,
306,S>>E,
307,E>>S,
307,E>S,
307,S~E,
307,S>E,
307,S>>E,
308,E>>S,
308,E>S,
308,S~E,
308,S>E,
308,S>>E,
309,E>>S,
309,E>S,
309,S~E,
309,S>E,
309,S>>E,
310,E>>S,
310,E>S,
310,S~E,
310,S>E,
310,S>>E,
311,E>>S,
311,E>S,
311,S~E,
311,S>E,
311,S>>E,
312,E>>S,
312,E>S,
312,S~E,
312,S>E,
312,S>>E,
313,E>>S,
313,E>S,
313,S~E,
313,S>E,
313,S>>E,
314,E>>S,
314,E>S,
314,S~E,
314,S>E,
314,S>>E,
315,E>>S,
315,E>S,
315,S~E,
315,S>E,
315,S>>E,
316,E>>S,
316,E>S,
316,S~E,
316,S>E,
316,S>>E,
317,E>>S,
317,E>S,
317,S~E,
317,S>E,
317,S>>E,
318,E>>S,
318,E>S,
318,S~E,
318,S>E,
318,S>>E,
319,E>>S,
319,E>S,
319,S~E,
319,S>E,
319,S>>E,
320,E>>S,
320,E>S,
320,S~E,
320,S>E,
320,S>>E,
321,E>>S,
321,E>S,
321,S~E,
321,S>E,
321,S>>E,
322,E>>S,
322,E>S,
322,S~E,
322,S>E,
322,S>>E,
323,E>>S,
323,E>S,
323,S~E,
323,S>E,
323,S>>E,
324,E>>S,
324,E>S,
324,S~E,
324,S>E,
324,S>>E,
325,E>>S,
325,E>S,
325,S~E,
325,S>E,
325,S>>E,
326,E>>S,
326,E>S,
326,S~E,
326,S>E,
326,S>>E,
327,E>>S,
327,E>S,
327,S~E,
327,S>E,
327,S>>E,
328,E>>S,
328,E>S,
328,S~E,
328,S>E,
328,S>>E,
329,E>>S,
329,E>S,
329,S~E,
329,S>E,
329,S>>E,
330,E>>S,
330,E>S,
330,S~E,
330,S>E,
330,S>>E,
331,E>>S,
331,E>S,
331,S~E,
331,S>E,
331,S>>E,
332,E>>S,
332,E>S,
332,S~E,
332,S>E,
332,S>>E,
333,E>>S,
333,E>S,
333,S~E,
333,S>E,
333,S>>E,
334,E>>S,
334,E>S,
334,S~E,
334,S>E,
334,S>>E,
335,E>>S,
335,E>S,
335,S~E,
335,S>E,
335,S>>E,
336,E>>S,
336,E>S,
336,S~E,
336,S>E,
336,S>>E,
337,E>>S,
337,E>S,
337,S~E,
337,S>E,
337,S>>E,
338,E>>S,
338,E>S,
338,S~E,
338,S>E,
338,S>>E,
339,E>>S,
339,E>S,
339,S~E,
339,S>E,
339,S>>E,
340,E>>S,
340,E>S,
340,S~E,
340,S>E,
340,S>>E,
341,E>>S,
341,E>S,
341,S~E,
341,S>E,
341,S>>E,
342,E>>S,
342,E>S,
342,S~E,
342,S>E,
342,S>>E,
343,E>>S,
343,E>S,
343,S~E,
343,S>E,
343,S>>E,
344,E>>S,
344,E>S,
344,S~E,
344,S>E,
344,S>>E,
345,E>>S,
345,E>S,
345,S~E,
345,S>E,
345,S>>E,
346,E>>S,
346,E>S,
346,S~E,
346,S>E,
346,S>>E,
347,E>>S,
347,E>S,
347,S~E,
347,S>E,
347,S>>E,
348,E>>S,
348,E>S,
348,S~E,
348,S>E,
348,S>>E,
349,E>>S,
349,E>S,
349,S~E,
349,S>E,
349,S>>E,
350,E>>S,
350,E>S,
350,S~E,
350,S>E,
350,S>>E,
351,E>>S,
351,E>S,
351,S~E,
351,S>E,
351,S>>E,
352,E>>S,
352,E>S,
352,S~E,
352,S>E,
352,S>>E,
353,E>>S,
353,E>S,
353,S~E,
353,S>E,
353,S>>E,
354,E>>S,
354,E>S,
354,S~E,
354,S>E,
354,S>>E,
355,E>>S,
355,E>S,
355,S~E,
355,S>E,
355,S>>E,
356,E>>S,
356,E>S,
356,S~E,
356,S>E,
356,S>>E,
357,E>>S,
357,E>S,
357,S~E,
357,S>E,
357,S>>E,
358,E>>S,
358,E>S,
358,S~E,
358,S>E,
358,S>>E,
359,E>>S,
359,E>S,
359,S~E,
359,S>E,
359,S>>E,
360,E>>S,
360,E>S,
360,S~E,
360,S>E,
360,S>>E,
361,E>>S,
361,E>S,
361,S~E,
361,S>E,
361,S>>E,
362,E>>S,
362,E>S,
362,S~E,
362,S>E,
362,S>>E,
363,E>>S,
363,E>S,
363,S~E,
363,S>E,
363,S>>E,
364,E>>S,
364,E>S,
364,S~E,
364,S>E,
364,S>>E,
365,E>>S,
365,E>S,
365,S~E,
365,S>E,
365,S>>E,
366,E>>S,
366,E>S,
366,S~E,
366,S>E,
366,S>>E,
367,E>>S,
367,E>S,
367,S~E,
367,S>E,
367,S>>E,
368,E>>S,
368,E>S,
368,S~E,
368,S>E,
368,S>>E,
369,E>>S,
369,E>S,
369,S~E,
369,S>E,
369,S>>E,
370,E>>S,
370,E>S,
370,S~E,
370,S>E,
370,S>>E,
371,E>>S,
371,E>S,
371,S~E,
371,S>E,
371,S>>E,
372,E>>S,
372,E>S,
372,S~E,
372,S>E,
372,S>>E,
373,E>>S,
373,E>S,
373,S~E,
373,S>E,
373,S>>E,
374,E>>S,
374,E>S,
374,S~E,
374,S>E,
374,S>>E,
375,E>>S,
375,E>S,
375,S~E,
375,S>E,
375,S>>E,
376,E>>S,
376,E>S,
376,S~E,
376,S>E,
376,S>>E,
377,E>>S,
377,E>S,
377,S~E,
377,S>E,
377,S>>E,
378,E>>S,
378,E>S,
378,S~E,
378,S>E,
378,S>>E,
379,E>>S,
379,E>S,
379,S~E,
379,S>E,
379,S>>E,
380,E>>S,
380,E>S,
380,S~E,
380,S>E,
380,S>>E,
381,E>>S,
381,E>S,
381,S~E,
381,S>E,
381,S>>E,
382,E>>S,
382,E>S,
382,S~E,
382,S>E,
382,S>>E,
383,E>>S,
383,E>S,
383,S~E,
383,S>E,
383,S>>E,
384,E>>S,
384,E>S,
384,S~E,
384,S>E,
384,S>>E,
385,E>>S,
385,E>S,
385,S~E,
385,S>E,
385,S>>E,
386,E>>S,
386,E>S,
386,S~E,
386,S>E,
386,S>>E,
387,E>>S,
387,E>S,
387,S~E,
387,S>E,
387,S>>E,
388,E>>S,
388,E>S,
388,S~E,
388,S>E,
388,S>>E,
389,E>>S,
389,E>S,
389,S~E,
389,S>E,
389,S>>E,
390,E>>S,
390,E>S,
390,S~E,
390,S>E,
390,S>>E,
391,E>>S,
391,E>S,
391,S~E,
391,S>E,
391,S>>E,
392,E>>S,
392,E>S,
392,S~E,
392,S>E,
392,S>>E,
393,E>>S,
393,E>S,
393,S~E,
393,S>E,
393,S>>E,
394,E>>S,
394,E>S,
394,S~E,
394,S>E,
394,S>>E,
395,E>>S,
395,E>S,
395,S~E,
395,S>E,
395,S>>E,
396,E>>S,
396,E>S,
396,S~E,
396,S>E,
396,S>>E,
397,E>>S,
397,E>S,
397,S~E,
397,S>E,
397,S>>E,
398,E>>S,
398,E>S,
398,S~E,
398,S>E,
398,S>>E,
399,E>>S,
399,E>S,
399,S~E,
399,S>E,
399,S>>E,
400,E>>S,
400,E>S,
400,S~E,
400,S>E,
400,S>>E,
401,E>>S,
401,E>S,
401,S~E,
401,S>E,
401,S>>E,
402,E>>S,
402,E>S,
402,S~E,
402,S>E,
402,S>>E,
403,E>>S,
403,E>S,
403,S~E,
403,S>E,
403,S>>E,
404,E>>S,
404,E>S,
404,S~E,
404,S>E,
404,S>>E,
405,E>>S,
405,E>S,
405,S~E,
405,S>E,
405,S>>E,
406,E>>S,
406,E>S,
406,S~E,
406,S>E,
406,S>>E,
407,E>>S,
407,E>S,
407,S~E,
407,S>E,
407,S>>E,
408,E>>S,
408,E>S,
408,S~E,
408,S>E,
408,S>>E,
409,E>>S,
409,E>S,
409,S~E,
409,S>E,
409,S>>E,
410,E>>S,
410,E>S,
410,S~E,
410,S>E,
410,S>>E,
411,E>>S,
411,E>S,
411,S~E,
411,S>E,
411,S>>E,
412,E>>S,
412,E>S,
412,S~E,
412,S>E,
412,S>>E,
413,E>>S,
413,E>S,
413,S~E,
413,S>E,
413,S>>E,
414,E>>S,
414,E>S,
414,S~E,
414,S>E,
414,S>>E,
415,E>>S,
415,E>S,
415,S~E,
415,S>E,
415,S>>E,
416,E>>S,
416,E>S,
416,S~E,
416,S>E,
416,S>>E,
417,E>>S,
417,E>S,
417,S~E,
417,S>E,
417,S>>E,
418,E>>S,
418,E>S,
418,S~E,
418,S>E,
418,S>>E,
419,E>>S,
419,E>S,
419,S~E,
419,S>E,
419,S>>E,
420,E>>S,
420,E>S,
420,S~E,
420,S>E,
420,S>>E,
421,E>>S,
421,E>S,
421,S~E,
421,S>E,
421,S>>E,
422,E>>S,
422,E>S,
422,S~E,
422,S>E,
422,S>>E,
423,E>>S,
423,E>S,
423,S~E,
423,S>E,
423,S>>E,
424,E>>S,
424,E>S,
424,S~E,
424,S>E,
424,S>>E,
425,E>>S,
425,E>S,
425,S~E,
425,S>E,
425,S>>E,
426,E>>S,
426,E>S,
426,S~E,
426,S>E,
426,S>>E,
427,E>>S,
427,E>S,
427,S~E,
427,S>E,
427,S>>E,
428,E>>S,
428,E>S,
428,S~E,
428,S>E,
428,S>>E,
429,E>>S,
429,E>S,
429,S~E,
429,S>E,
429,S>>E,
430,E>>S,
430,E>S,
430,S~E,
430,S>E,
430,S>>E,
431,E>>S,
431,E>S,
431,S~E,
431,S>E,
431,S>>E,
432,E>>S,
432,E>S,
432,S~E,
432,S>E,
432,S>>E,
433,E>>S,
433,E>S,
433,S~E,
433,S>E,
433,S>>E,
434,E>>S,
434,E>S,
434,S~E,
434,S>E,
434,S>>E,
435,E>>S,
435,E>S,
435,S~E,
435,S>E,
435,S>>E,
436,E>>S,
436,E>S,
436,S~E,
436,S>E,
436,S>>E,
437,E>>S,
437,E>S,
437,S~E,
437,S>E,
437,S>>E,
438,E>>S,
438,E>S,
438,S~E,
438,S>E,
438,S>>E,
439,E>>S,
439,E>S,
439,S~E,
439,S>E,
439,S>>E,
440,E>>S,
440,E>S,
440,S~E,
440,S>E,
440,S>>E,
441,E>>S,
441,E>S,
441,S~E,
441,S>E,
441,S>>E,
442,E>>S,
442,E>S,
442,S~E,
442,S>E,
442,S>>E,
443,E>>S,
443,E>S,
443,S~E,
443,S>E,
443,S>>E,
444,E>>S,
444,E>S,
444,S~E,
444,S>E,
444,S>>E,
445,E>>S,
445,E>S,
445,S~E,
445,S>E,
445,S>>E,
446,E>>S,
446,E>S,
446,S~E,
446,S>E,
446,S>>E,
447,E>>S,
447,E>S,
447,S~E,
447,S>E,
447,S>>E,
448,E>>S,
448,E>S,
448,S~E,
448,S>E,
448,S>>E,
449,E>>S,
449,E>S,
449,S~E,
449,S>E,
449,S>>E,
450,E>>S,
450,E>S,
450,S~E,
450,S>E,
450,S>>E,
451,E>>S,
451,E>S,
451,S~E,
451,S>E,
451,S>>E,
452,E>>S,
452,E>S,
452,S~E,
452,S>E,
452,S>>E,
453,E>>S,
453,E>S,
453,S~E,
453,S>E,
453,S>>E,
454,E>>S,
454,E>S,
454,S~E,
454,S>E,
454,S>>E,
455,E>>S,
455,E>S,
455,S~E,
455,S>E,
455,S>>E,
456,E>>S,
456,E>S,
456,S~E,
456,S>E,
456,S>>E,
457,E>>S,
457,E>S,
457,S~E,
457,S>E,
457,S>>E,
458,E>>S,
458,E>S,
458,S~E,
458,S>E,
458,S>>E,
459,E>>S,
459,E>S,
459,S~E,
459,S>E,
459,S>>E,
460,E>>S,
460,E>S,
460,S~E,
460,S>E,
460,S>>E,
461,E>>S,
461,E>S,
461,S~E,
461,S>E,
461,S>>E,
462,E>>S,
462,E>S,
462,S~E,
462,S>E,
462,S>>E,
463,E>>S,
463,E>S,
463,S~E,
463,S>E,
463,S>>E,
464,E>>S,
464,E>S,
464,S~E,
464,S>E,
464,S>>E,
465,E>>S,
465,E>S,
465,S~E,
465,S>E,
465,S>>E,
466,E>>S,
466,E>S,
466,S~E,
466,S>E,
466,S>>E,
467,E>>S,
467,E>S,
467,S~E,
467,S>E,
467,S>>E,
468,E>>S,
468,E>S,
468,S~E,
468,S>E,
468,S>>E,
469,E>>S,
469,E>S,
469,S~E,
469,S>E,
469,S>>E,
470,E>>S,
470,E>S,
470,S~E,
470,S>E,
470,S>>E,
471,E>>S,
471,E>S,
471,S~E,
471,S>E,
471,S>>E,
472,E>>S,
472,E>S,
472,S~E,
472,S>E,
472,S>>E,
473,E>>S,
473,E>S,
473,S~E,
473,S>E,
473,S>>E,
474,E>>S,
474,E>S,
474,S~E,
474,S>E,
474,S>>E,
475,E>>S,
475,E>S,
475,S~E,
475,S>E,
475,S>>E,
476,E>>S,
476,E>S,
476,S~E,
476,S>E,
476,S>>E,
477,E>>S,
477,E>S,
477,S~E,
477,S>E,
477,S>>E,
478,E>>S,
478,E>S,
478,S~E,
478,S>E,
478,S>>E,
479,E>>S,
479,E>S,
479,S~E,
479,S>E,
479,S>>E,
480,E>>S,
480,E>S,
480,S~E,
480,S>E,
480,S>>E,
481,E>>S,
481,E>S,
481,S~E,
481,S>E,
481,S>>E,
482,E>>S,
482,E>S,
482,S~E,
482,S>E,
482,S>>E,
483,E>>S,
483,E>S,
483,S~E,
483,S>E,
483,S>>E,
484,E>>S,
484,E>S,
484,S~E,
484,S>E,
484,S>>E,
485,E>>S,
485,E>S,
485,S~E,
485,S>E,
485,S>>E,
486,E>>S,
486,E>S,
486,S~E,
486,S>E,
486,S>>E,
487,E>>S,
487,E>S,
487,S~E,
487,S>E,
487,S>>E,
488,E>>S,
488,E>S,
488,S~E,
488,S>E,
488,S>>E,
489,E>>S,
489,E>S,
489,S~E,
489,S>E,
489,S>>E,
490,E>>S,
490,E>S,
490,S~E,
490,S>E,
490,S>>E,
491,E>>S,
491,E>S,
491,S~E,
491,S>E,
491,S>>E,
492,E>>S,
492,E>S,
492,S~E,
492,S>E,
492,S>>E,
493,E>>S,
493,E>S,
493,S~E,
493,S>E,
493,S>>E,
494,E>>S,
494,E>S,
494,S~E,
494,S>E,
494,S>>E,
495,E>>S,
495,E>S,
495,S~E,
495,S>E,
495,S>>E,
496,E>>S,
496,E>S,
496,S~E,
496,S>E,
496,S>>E,
497,E>>S,
497,E>S,
497,S~E,
497,S>E,
497,S>>E,
498,E>>S,
498,E>S,
498,S~E,
498,S>E,
498,S>>E,
499,E>>S,
499,E>S,
499,S~E,
499,S>E,
499,S>>E,
500,E>>S,
500,E>S,
500,S~E,
500,S>E,
500,S>>E,
501,E>>S,
501,E>S,
501,S~E,
501,S>E,
501,S>>E,
502,E>>S,
502,E>S,
502,S~E,
502,S>E,
502,S>>E,
503,E>>S,
503,E>S,
503,S~E,
503,S>E,
503,S>>E,
504,E>>S,
504,E>S,
504,S~E,
504,S>E,
504,S>>E,
505,E>>S,
505,E>S,
505,S~E,
505,S>E,
505,S>>E,
506,E>>S,
506,E>S,
506,S~E,
506,S>E,
506,S>>E,
507,E>>S,
507,E>S,
507,S~E,
507,S>E,
507,S>>E,
508,E>>S,
508,E>S,
508,S~E,
508,S>E,
508,S>>E,
509,E>>S,
509,E>S,
509,S~E,
509,S>E,
509,S>>E,
510,E>>S,
510,E>S,
510,S~E,
510,S>E,
510,S>>E,
511,E>>S,
511,E>S,
511,S~E,
511,S>E,
511,S>>E,
512,E>>S,
512,E>S,
512,S~E,
512,S>E,
512,S>>E,
513,E>>S,
513,E>S,
513,S~E,
513,S>E,
513,S>>E,
514,E>>S,
514,E>S,
514,S~E,
514,S>E,
514,S>>E,
515,E>>S,
515,E>S,
515,S~E,
515,S>E,
515,S>>E,
516,E>>S,
516,E>S,
516,S~E,
516,S>E,
516,S>>E,
517,E>>S,
517,E>S,
517,S~E,
517,S>E,
517,S>>E,
518,E>>S,
518,E>S,
518,S~E,
518,S>E,
518,S>>E,
519,E>>S,
519,E>S,
519,S~E,
519,S>E,
519,S>>E,
520,E>>S,
520,E>S,
520,S~E,
520,S>E,
520,S>>E,
521,E>>S,
521,E>S,
521,S~E,
521,S>E,
521,S>>E,
522,E>>S,
522,E>S,
522,S~E,
522,S>E,
522,S>>E,
523,E>>S,
523,E>S,
523,S~E,
523,S>E,
523,S>>E,
524,E>>S,
524,E>S,
524,S~E,
524,S>E,
524,S>>E,
525,E>>S,
525,E>S,
525,S~E,
525,S>E,
525,S>>E,
526,E>>S,
526,E>S,
526,S~E,
526,S>E,
526,S>>E,
527,E>>S,
527,E>S,
527,S~E,
527,S>E,
527,S>>E,
528,E>>S,
528,E>S,
528,S~E,
528,S>E,
528,S>>E,
529,E>>S,
529,E>S,
529,S~E,
529,S>E,
529,S>>E,
530,E>>S,
530,E>S,
530,S~E,
530,S>E,
530,S>>E,
531,E>>S,
531,E>S,
531,S~E,
531,S>E,
531,S>>E,
532,E>>S,
532,E>S,
532,S~E,
532,S>E,
532,S>>E,
533,E>>S,
533,E>S,
533,S~E,
533,S>E,
533,S>>E,
534,E>>S,
534,E>S,
534,S~E,
534,S>E,
534,S>>E,
535,E>>S,
535,E>S,
535,S~E,
535,S>E,
535,S>>E,
536,E>>S,
536,E>S,
536,S~E,
536,S>E,
536,S>>E,
537,E>>S,
537,E>S,
537,S~E,
537,S>E,
537,S>>E,
538,E>>S,
538,E>S,
538,S~E,
538,S>E,
538,S>>E,
539,E>>S,
539,E>S,
539,S~E,
539,S>E,
539,S>>E,
540,E>>S,
540,E>S,
540,S~E,
540,S>E,
540,S>>E,
541,E>>S,
541,E>S,
541,S~E,
541,S>E,
541,S>>E,
542,E>>S,
542,E>S,
542,S~E,
542,S>E,
542,S>>E,
543,E>>S,
543,E>S,
543,S~E,
543,S>E,
543,S>>E,
544,E>>S,
544,E>S,
544,S~E,
544,S>E,
544,S>>E,
545,E>>S,
545,E>S,
545,S~E,
545,S>E,
545,S>>E,
546,E>>S,
546,E>S,
546,S~E,
546,S>E,
546,S>>E,
547,E>>S,
547,E>S,
547,S~E,
547,S>E,
547,S>>E,
548,E>>S,
548,E>S,
548,S~E,
548,S>E,
548,S>>E,
549,E>>S,
549,E>S,
549,S~E,
549,S>E,
549,S>>E,
550,E>>S,
550,E>S,
550,S~E,
550,S>E,
550,S>>E,
551,E>>S,
551,E>S,
551,S~E,
551,S>E,
551,S>>E,
552,E>>S,
552,E>S,
552,S~E,
552,S>E,
552,S>>E,
553,E>>S,
553,E>S,
553,S~E,
553,S>E,
553,S>>E,
554,E>>S,
554,E>S,
554,S~E,
554,S>E,
554,S>>E,
555,E>>S,
555,E>S,
555,S~E,
555,S>E,
555,S>>E,
556,E>>S,
556,E>S,
556,S~E,
556,S>E,
556,S>>E,
557,E>>S,
557,E>S,
557,S~E,
557,S>E,
557,S>>E,
558,E>>S,
558,E>S,
558,S~E,
558,S>E,
558,S>>E,
559,E>>S,
559,E>S,
559,S~E,
559,S>E,
559,S>>E,
560,E>>S,
560,E>S,
560,S~E,
560,S>E,
560,S>>E,
561,E>>S,
561,E>S,
561,S~E,
561,S>E,
561,S>>E,
562,E>>S,
562,E>S,
562,S~E,
562,S>E,
562,S>>E,
563,E>>S,
563,E>S,
563,S~E,
563,S>E,
563,S>>E,
564,E>>S,
564,E>S,
564,S~E,
564,S>E,
564,S>>E,
565,E>>S,
565,E>S,
565,S~E,
565,S>E,
565,S>>E,
566,E>>S,
566,E>S,
566,S~E,
566,S>E,
566,S>>E,
567,E>>S,
567,E>S,
567,S~E,
567,S>E,
567,S>>E,
568,E>>S,
568,E>S,
568,S~E,
568,S>E,
568,S>>E,
569,E>>S,
569,E>S,
569,S~E,
569,S>E,
569,S>>E,
570,E>>S,
570,E>S,
570,S~E,
570,S>E,
570,S>>E,
571,E>>S,
571,E>S,
571,S~E,
571,S>E,
571,S>>E,
572,E>>S,
572,E>S,
572,S~E,
572,S>E,
572,S>>E,
573,E>>S,
573,E>S,
573,S~E,
573,S>E,
573,S>>E,
574,E>>S,
574,E>S,
574,S~E,
574,S>E,
574,S>>E,
575,E>>S,
575,E>S,
575,S~E,
575,S>E,
575,S>>E,
576,E>>S,
576,E>S,
576,S~E,
576,S>E,
576,S>>E,
577,E>>S,
577,E>S,
577,S~E,
577,S>E,
577,S>>E,
578,E>>S,
578,E>S,
578,S~E,
578,S>E,
578,S>>E,
579,E>>S,
579,E>S,
579,S~E,
579,S>E,
579,S>>E,
580,E>>S,
580,E>S,
580,S~E,
580,S>E,
580,S>>E,
581,E>>S,
581,E>S,
581,S~E,
581,S>E,
581,S>>E,
582,E>>S,
582,E>S,
582,S~E,
582,S>E,
582,S>>E,
583,E>>S,
583,E>S,
583,S~E,
583,S>E,
583,S>>E,
584,E>>S,
584,E>S,
584,S~E,
584,S>E,
584,S>>E,
585,E>>S,
585,E>S,
585,S~E,
585,S>E,
585,S>>E,
586,E>>S,
586,E>S,
586,S~E,
586,S>E,
586,S>>E,
587,E>>S,
587,E>S,
587,S~E,
587,S>E,
587,S>>E,
588,E>>S,
588,E>S,
588,S~E,
588,S>E,
588,S>>E,
589,E>>S,
589,E>S,
589,S~E,
589,S>E,
589,S>>E,
590,E>>S,
590,E>S,
590,S~E,
590,S>E,
590,S>>E,
591,E>>S,
591,E>S,
591,S~E,
591,S>E,
591,S>>E,
592,E>>S,
592,E>S,
592,S~E,
592,S>E,
592,S>>E,
593,E>>S,
593,E>S,
593,S~E,
593,S>E,
593,S>>E,
594,E>>S,
594,E>S,
594,S~E,
594,S>E,
594,S>>E,
595,E>>S,
595,E>S,
595,S~E,
595,S>E,
595,S>>E,
596,E>>S,
596,E>S,
596,S~E,
596,S>E,
596,S>>E,
597,E>>S,
597,E>S,
597,S~E,
597,S>E,
597,S>>E,
598,E>>S,
598,E>S,
598,S~E,
598,S>E,
598,S>>E,
599,E>>S,
599,E>S,
599,S~E,
599,S>E,
599,S>>E,
600,E>>S,
600,E>S,
600,S~E,
600,S>E,
600,S>>E,
601,E>>S,
601,E>S,
601,S~E,
601,S>E,
601,S>>E,
602,E>>S,
602,E>S,
602,S~E,
602,S>E,
602,S>>E,
603,E>>S,
603,E>S,
603,S~E,
603,S>E,
603,S>>E,
604,E>>S,
604,E>S,
604,S~E,
604,S>E,
604,S>>E,
605,E>>S,
605,E>S,
605,S~E,
605,S>E,
605,S>>E,
606,E>>S,
606,E>S,
606,S~E,
606,S>E,
606,S>>E,
607,E>>S,
607,E>S,
607,S~E,
607,S>E,
607,S>>E,
608,E>>S,
608,E>S,
608,S~E,
608,S>E,
608,S>>E,
609,E>>S,
609,E>S,
609,S~E,
609,S>E,
609,S>>E,
610,E>>S,
610,E>S,
610,S~E,
610,S>E,
610,S>>E,
611,E>>S,
611,E>S,
611,S~E,
611,S>E,
611,S>>E,
612,E>>S,
612,E>S,
612,S~E,
612,S>E,
612,S>>E,
613,E>>S,
613,E>S,
613,S~E,
613,S>E,
613,S>>E,
614,E>>S,
614,E>S,
614,S~E,
614,S>E,
614,S>>E,
615,E>>S,
615,E>S,
615,S~E,
615,S>E,
615,S>>E,
616,E>>S,
616,E>S,
616,S~E,
616,S>E,
616,S>>E,
617,E>>S,
617,E>S,
617,S~E,
617,S>E,
617,S>>E,
618,E>>S,
618,E>S,
618,S~E,
618,S>E,
618,S>>E,
619,E>>S,
619,E>S,
619,S~E,
619,S>E,
619,S>>E,
620,E>>S,
620,E>S,
620,S~E,
620,S>E,
620,S>>E,
621,E>>S,
621,E>S,
621,S~E,
621,S>E,
621,S>>E,
622,E>>S,
622,E>S,
622,S~E,
622,S>E,
622,S>>E,
623,E>>S,
623,E>S,
623,S~E,
623,S>E,
623,S>>E,
624,E>>S,
624,E>S,
624,S~E,
624,S>E,
624,S>>E,
625,E>>S,
625,E>S,
625,S~E,
625,S>E,
625,S>>E,
626,E>>S,
626,E>S,
626,S~E,
626,S>E,
626,S>>E,
627,E>>S,
627,E>S,
627,S~E,
627,S>E,
627,S>>E,
628,E>>S,
628,E>S,
628,S~E,
628,S>E,
628,S>>E,
629,E>>S,
629,E>S,
629,S~E,
629,S>E,
629,S>>E,
630,E>>S,
630,E>S,
630,S~E,
630,S>E,
630,S>>E,
631,E>>S,
631,E>S,
631,S~E,
631,S>E,
631,S>>E,
632,E>>S,
632,E>S,
632,S~E,
632,S>E,
632,S>>E,
633,E>>S,
633,E>S,
633,S~E,
633,S>E,
633,S>>E,
634,E>>S,
634,E>S,
634,S~E,
634,S>E,
634,S>>E,
635,E>>S,
635,E>S,
635,S~E,
635,S>E,
635,S>>E,
636,E>>S,
636,E>S,
636,S~E,
636,S>E,
636,S>>E,
637,E>>S,
637,E>S,
637,S~E,
637,S>E,
637,S>>E,
638,E>>S,
638,E>S,
638,S~E,
638,S>E,
638,S>>E,
639,E>>S,
639,E>S,
639,S~E,
639,S>E,
639,S>>E,
640,E>>S,
640,E>S,
640,S~E,
640,S>E,
640,S>>E,
641,E>>S,
641,E>S,
641,S~E,
641,S>E,
641,S>>E,
642,E>>S,
642,E>S,
642,S~E,
642,S>E,
642,S>>E,
643,E>>S,
643,E>S,
643,S~E,
643,S>E,
643,S>>E,
644,E>>S,
644,E>S,
644,S~E,
644,S>E,
644,S>>E,
645,E>>S,
645,E>S,
645,S~E,
645,S>E,
645,S>>E,
646,E>>S,
646,E>S,
646,S~E,
646,S>E,
646,S>>E,
647,E>>S,
647,E>S,
647,S~E,
647,S>E,
647,S>>E,
648,E>>S,
648,E>S,
648,S~E,
648,S>E,
648,S>>E,
649,E>>S,
649,E>S,
649,S~E,
649,S>E,
649,S>>E,
650,E>>S,
650,E>S,
650,S~E,
650,S>E,
650,S>>E,
651,E>>S,
651,E>S,
651,S~E,
651,S>E,
651,S>>E,
652,E>>S,
652,E>S,
652,S~E,
652,S>E,
652,S>>E,
653,E>>S,
653,E>S,
653,S~E,
653,S>E,
653,S>>E,
654,E>>S,
654,E>S,
654,S~E,
654,S>E,
654,S>>E,
655,E>>S,
655,E>S,
655,S~E,
655,S>E,
655,S>>E,
656,E>>S,
656,E>S,
656,S~E,
656,S>E,
656,S>>E,
657,E>>S,
657,E>S,
657,S~E,
657,S>E,
657,S>>E,
658,E>>S,
658,E>S,
658,S~E,
658,S>E,
658,S>>E,
659,E>>S,
659,E>S,
659,S~E,
659,S>E,
659,S>>E,
660,E>>S,
660,E>S,
660,S~E,
660,S>E,
660,S>>E,
661,E>>S,
661,E>S,
661,S~E,
661,S>E,
661,S>>E,
662,E>>S,
662,E>S,
662,S~E,
662,S>E,
662,S>>E,
663,E>>S,
663,E>S,
663,S~E,
663,S>E,
663,S>>E,
664,E>>S,
664,E>S,
664,S~E,
664,S>E,
664,S>>E,
665,E>>S,
665,E>S,
665,S~E,
665,S>E,
665,S>>E,
666,E>>S,
666,E>S,
666,S~E,
666,S>E,
666,S>>E,
667,E>>S,
667,E>S,
667,S~E,
667,S>E,
667,S>>E,
668,E>>S,
668,E>S,
668,S~E,
668,S>E,
668,S>>E,
669,E>>S,
669,E>S,
669,S~E,
669,S>E,
669,S>>E,
670,E>>S,
670,E>S,
670,S~E,
670,S>E,
670,S>>E,
671,E>>S,
671,E>S,
671,S~E,
671,S>E,
671,S>>E,
672,E>>S,
672,E>S,
672,S~E,
672,S>E,
672,S>>E,
673,E>>S,
673,E>S,
673,S~E,
673,S>E,
673,S>>E,
674,E>>S,
674,E>S,
674,S~E,
674,S>E,
674,S>>E,
675,E>>S,
675,E>S,
675,S~E,
675,S>E,
675,S>>E,
676,E>>S,
676,E>S,
676,S~E,
676,S>E,
676,S>>E,
677,E>>S,
677,E>S,
677,S~E,
677,S>E,
677,S>>E,
678,E>>S,
678,E>S,
678,S~E,
678,S>E,
678,S>>E,
679,E>>S,
679,E>S,
679,S~E,
679,S>E,
679,S>>E,
680,E>>S,
680,E>S,
680,S~E,
680,S>E,
680,S>>E,
681,E>>S,
681,E>S,
681,S~E,
681,S>E,
681,S>>E,
682,E>>S,
682,E>S,
682,S~E,
682,S>E,
682,S>>E,
683,E>>S,
683,E>S,
683,S~E,
683,S>E,
683,S>>E,
684,E>>S,
684,E>S,
684,S~E,
684,S>E,
684,S>>E,
685,E>>S,
685,E>S,
685,S~E,
685,S>E,
685,S>>E,
686,E>>S,
686,E>S,
686,S~E,
686,S>E,
686,S>>E,
687,E>>S,
687,E>S,
687,S~E,
687,S>E,
687,S>>E,
688,E>>S,
688,E>S,
688,S~E,
688,S>E,
688,S>>E,
689,E>>S,
689,E>S,
689,S~E,
689,S>E,
689,S>>E,
690,E>>S,
690,E>S,
690,S~E,
690,S>E,
690,S>>E,
691,E>>S,
691,E>S,
691,S~E,
691,S>E,
691,S>>E,
692,E>>S,
692,E>S,
692,S~E,
692,S>E,
692,S>>E,
693,E>>S,
693,E>S,
693,S~E,
693,S>E,
693,S>>E,
694,E>>S,
694,E>S,
694,S~E,
694,S>E,
694,S>>E,
695,E>>S,
695,E>S,
695,S~E,
695,S>E,
695,S>>E,
696,E>>S,
696,E>S,
696,S~E,
696,S>E,
696,S>>E,
697,E>>S,
697,E>S,
697,S~E,
697,S>E,
697,S>>E,
698,E>>S,
698,E>S,
698,S~E,
698,S>E,
698,S>>E,
699,E>>S,
699,E>S,
699,S~E,
699,S>E,
699,S>>E,
700,E>>S,
700,E>S,
700,S~E,
700,S>E,
700,S>>E,
701,E>>S,
701,E>S,
701,S~E,
701,S>E,
701,S>>E,
702,E>>S,
702,E>S,
702,S~E,
702,S>E,
702,S>>E,
703,E>>S,
703,E>S,
703,S~E,
703,S>E,
703,S>>E,
704,E>>S,
704,E>S,
704,S~E,
704,S>E,
704,S>>E,
705,E>>S,
705,E>S,
705,S~E,
705,S>E,
705,S>>E,
706,E>>S,
706,E>S,
706,S~E,
706,S>E,
706,S>>E,
707,E>>S,
707,E>S,
707,S~E,
707,S>E,
707,S>>E,
708,E>>S,
708,E>S,
708,S~E,
708,S>E,
708,S>>E,
709,E>>S,
709,E>S,
709,S~E,
709,S>E,
709,S>>E,
710,E>>S,
710,E>S,
710,S~E,
710,S>E,
710,S>>E,
711,E>>S,
711,E>S,
711,S~E,
711,S>E,
711,S>>E,
712,E>>S,
712,E>S,
712,S~E,
712,S>E,
712,S>>E,
713,E>>S,
713,E>S,
713,S~E,
713,S>E,
713,S>>E,
714,E>>S,
714,E>S,
714,S~E,
714,S>E,
714,S>>E,
715,E>>S,
715,E>S,
715,S~E,
715,S>E,
715,S>>E,
716,E>>S,
716,E>S,
716,S~E,
716,S>E,
716,S>>E,
717,E>>S,
717,E>S,
717,S~E,
717,S>E,
717,S>>E,
718,E>>S,
718,E>S,
718,S~E,
718,S>E,
718,S>>E,
719,E>>S,
719,E>S,
719,S~E,
719,S>E,
719,S>>E,
720,E>>S,
720,E>S,
720,S~E,
720,S>E,
720,S>>E,
721,E>>S,
721,E>S,
721,S~E,
721,S>E,
721,S>>E,
722,E>>S,
722,E>S,
722,S~E,
722,S>E,
722,S>>E,
723,E>>S,
723,E>S,
723,S~E,
723,S>E,
723,S>>E,
724,E>>S,
724,E>S,
724,S~E,
724,S>E,
724,S>>E,
725,E>>S,
725,E>S,
725,S~E,
725,S>E,
725,S>>E,
726,E>>S,
726,E>S,
726,S~E,
726,S>E,
726,S>>E,
727,E>>S,
727,E>S,
727,S~E,
727,S>E,
727,S>>E,
728,E>>S,
728,E>S,
728,S~E,
728,S>E,
728,S>>E,
729,E>>S,
729,E>S,
729,S~E,
729,S>E,
729,S>>E,
730,E>>S,
730,E>S,
730,S~E,
730,S>E,
730,S>>E,
731,E>>S,
731,E>S,
731,S~E,
731,S>E,
731,S>>E,
732,E>>S,
732,E>S,
732,S~E,
732,S>E,
732,S>>E,
733,E>>S,
733,E>S,
733,S~E,
733,S>E,
733,S>>E,
734,E>>S,
734,E>S,
734,S~E,
734,S>E,
734,S>>E,
735,E>>S,
735,E>S,
735,S~E,
735,S>E,
735,S>>E,
736,E>>S,
736,E>S,
736,S~E,
736,S>E,
736,S>>E,
737,E>>S,
737,E>S,
737,S~E,
737,S>E,
737,S>>E,
738,E>>S,
738,E>S,
738,S~E,
738,S>E,
738,S>>E,
739,E>>S,
739,E>S,
739,S~E,
739,S>E,
739,S>>E,
740,E>>S,
740,E>S,
740,S~E,
740,S>E,
740,S>>E,
741,E>>S,
741,E>S,
741,S~E,
741,S>E,
741,S>>E,
742,E>>S,
742,E>S,
742,S~E,
742,S>E,
742,S>>E,
743,E>>S,
743,E>S,
743,S~E,
743,S>E,
743,S>>E,
744,E>>S,
744,E>S,
744,S~E,
744,S>E,
744,S>>E,
745,E>>S,
745,E>S,
745,S~E,
745,S>E,
745,S>>E,
746,E>>S,
746,E>S,
746,S~E,
746,S>E,
746,S>>E,
747,E>>S,
747,E>S,
747,S~E,
747,S>E,
747,S>>E,
748,E>>S,
748,E>S,
748,S~E,
748,S>E,
748,S>>E,
749,E>>S,
749,E>S,
749,S~E,
749,S>E,
749,S>>E,
750,E>>S,
750,E>S,
750,S~E,
750,S>E,
750,S>>E,
751,E>>S,
751,E>S,
751,S~E,
751,S>E,
751,S>>E,
752,E>>S,
752,E>S,
752,S~E,
752,S>E,
752,S>>E,
753,E>>S,
753,E>S,
753,S~E,
753,S>E,
753,S>>E,
754,E>>S,
754,E>S,
754,S~E,
754,S>E,
754,S>>E,
755,E>>S,
755,E>S,
755,S~E,
755,S>E,
755,S>>E,
756,E>>S,
756,E>S,
756,S~E,
756,S>E,
756,S>>E,
757,E>>S,
757,E>S,
757,S~E,
757,S>E,
757,S>>E,
758,E>>S,
758,E>S,
758,S~E,
758,S>E,
758,S>>E,
759,E>>S,
759,E>S,
759,S~E,
759,S>E,
759,S>>E,
760,E>>S,
760,E>S,
760,S~E,
760,S>E,
760,S>>E,
761,E>>S,
761,E>S,
761,S~E,
761,S>E,
761,S>>E,
762,E>>S,
762,E>S,
762,S~E,
762,S>E,
762,S>>E,
763,E>>S,
763,E>S,
763,S~E,
763,S>E,
763,S>>E,
764,E>>S,
764,E>S,
764,S~E,
764,S>E,
764,S>>E,
765,E>>S,
765,E>S,
765,S~E,
765,S>E,
765,S>>E,
766,E>>S,
766,E>S,
766,S~E,
766,S>E,
766,S>>E,
767,E>>S,
767,E>S,
767,S~E,
767,S>E,
767,S>>E,
768,E>>S,
768,E>S,
768,S~E,
768,S>E,
768,S>>E,
769,E>>S,
769,E>S,
769,S~E,
769,S>E,
769,S>>E,
770,E>>S,
770,E>S,
770,S~E,
770,S>E,
770,S>>E,
771,E>>S,
771,E>S,
771,S~E,
771,S>E,
771,S>>E,
772,E>>S,
772,E>S,
772,S~E,
772,S>E,
772,S>>E,
773,E>>S,
773,E>S,
773,S~E,
773,S>E,
773,S>>E,
774,E>>S,
774,E>S,
774,S~E,
774,S>E,
774,S>>E,
775,E>>S,
775,E>S,
775,S~E,
775,S>E,
775,S>>E,
776,E>>S,
776,E>S,
776,S~E,
776,S>E,
776,S>>E,
777,E>>S,
777,E>S,
777,S~E,
777,S>E,
777,S>>E,
778,E>>S,
778,E>S,
778,S~E,
778,S>E,
778,S>>E,
779,E>>S,
779,E>S,
779,S~E,
779,S>E,
779,S>>E,
780,E>>S,
780,E>S,
780,S~E,
780,S>E,
780,S>>E,
781,E>>S,
781,E>S,
781,S~E,
781,S>E,
781,S>>E,
782,E>>S,
782,E>S,
782,S~E,
782,S>E,
782,S>>E,
783,E>>S,
783,E>S,
783,S~E,
783,S>E,
783,S>>E,
784,E>>S,
784,E>S,
784,S~E,
784,S>E,
784,S>>E,
785,E>>S,
785,E>S,
785,S~E,
785,S>E,
785,S>>E,
786,E>>S,
786,E>S,
786,S~E,
786,S>E,
786,S>>E,
787,E>>S,
787,E>S,
787,S~E,
787,S>E,
787,S>>E,
788,E>>S,
788,E>S,
788,S~E,
788,S>E,
788,S>>E,
789,E>>S,
789,E>S,
789,S~E,
789,S>E,
789,S>>E,
790,E>>S,
790,E>S,
790,S~E,
790,S>E,
790,S>>E,
791,E>>S,
791,E>S,
791,S~E,
791,S>E,
791,S>>E,
792,E>>S,
792,E>S,
792,S~E,
792,S>E,
792,S>>E,
793,E>>S,
793,E>S,
793,S~E,
793,S>E,
793,S>>E,
794,E>>S,
794,E>S,
794,S~E,
794,S>E,
794,S>>E,
795,E>>S,
795,E>S,
795,S~E,
795,S>E,
795,S>>E,
796,E>>S,
796,E>S,
796,S~E,
796,S>E,
796,S>>E,
797,E>>S,
797,E>S,
797,S~E,
797,S>E,
797,S>>E,
798,E>>S,
798,E>S,
798,S~E,
798,S>E,
798,S>>E,
799,E>>S,
799,E>S,
799,S~E,
799,S>E,
799,S>>E,
800,E>>S,
800,E>S,
800,S~E,
800,S>E,
800,S>>E,
801,E>>S,
801,E>S,
801,S~E,
801,S>E,
801,S>>E,
802,E>>S,
802,E>S,
802,S~E,
802,S>E,
802,S>>E,
803,E>>S,
803,E>S,
803,S~E,
803,S>E,
803,S>>E,
804,E>>S,
804,E>S,
804,S~E,
804,S>E,
804,S>>E,
805,E>>S,
805,E>S,
805,S~E,
805,S>E,
805,S>>E,
806,E>>S,
806,E>S,
806,S~E,
806,S>E,
806,S>>E,
807,E>>S,
807,E>S,
807,S~E,
807,S>E,
807,S>>E,
808,E>>S,
808,E>S,
808,S~E,
808,S>E,
808,S>>E,
809,E>>S,
809,E>S,
809,S~E,
809,S>E,
809,S>>E,
810,E>>S,
810,E>S,
810,S~E,
810,S>E,
810,S>>E,
811,E>>S,
811,E>S,
811,S~E,
811,S>E,
811,S>>E,
812,E>>S,
812,E>S,
812,S~E,
812,S>E,
812,S>>E,
813,E>>S,
813,E>S,
813,S~E,
813,S>E,
813,S>>E,
814,E>>S,
814,E>S,
814,S~E,
814,S>E,
814,S>>E,
815,E>>S,
815,E>S,
815,S~E,
815,S>E,
815,S>>E,
816,E>>S,
816,E>S,
816,S~E,
816,S>E,
816,S>>E,
817,E>>S,
817,E>S,
817,S~E,
817,S>E,
817,S>>E,
818,E>>S,
818,E>S,
818,S~E,
818,S>E,
818,S>>E,
819,E>>S,
819,E>S,
819,S~E,
819,S>E,
819,S>>E,
820,E>>S,
820,E>S,
820,S~E,
820,S>E,
820,S>>E,
821,E>>S,
821,E>S,
821,S~E,
821,S>E,
821,S>>E,
822,E>>S,
822,E>S,
822,S~E,
822,S>E,
822,S>>E,
823,E>>S,
823,E>S,
823,S~E,
823,S>E,
823,S>>E,
824,E>>S,
824,E>S,
824,S~E,
824,S>E,
824,S>>E,
825,E>>S,
825,E>S,
825,S~E,
825,S>E,
825,S>>E,
826,E>>S,
826,E>S,
826,S~E,
826,S>E,
826,S>>E,
827,E>>S,
827,E>S,
827,S~E,
827,S>E,
827,S>>E,
828,E>>S,
828,E>S,
828,S~E,
828,S>E,
828,S>>E,
829,E>>S,
829,E>S,
829,S~E,
829,S>E,
829,S>>E,
830,E>>S,
830,E>S,
830,S~E,
830,S>E,
830,S>>E,
831,E>>S,
831,E>S,
831,S~E,
831,S>E,
831,S>>E,
832,E>>S,
832,E>S,
832,S~E,
832,S>E,
832,S>>E,
833,E>>S,
833,E>S,
833,S~E,
833,S>E,
833,S>>E,
834,E>>S,
834,E>S,
834,S~E,
834,S>E,
834,S>>E,
835,E>>S,
835,E>S,
835,S~E,
835,S>E,
835,S>>E,
836,E>>S,
836,E>S,
836,S~E,
836,S>E,
836,S>>E,
837,E>>S,
837,E>S,
837,S~E,
837,S>E,
837,S>>E,
838,E>>S,
838,E>S,
838,S~E,
838,S>E,
838,S>>E,
839,E>>S,
839,E>S,
839,S~E,
839,S>E,
839,S>>E,
840,E>>S,
840,E>S,
840,S~E,
840,S>E,
840,S>>E,
841,E>>S,
841,E>S,
841,S~E,
841,S>E,
841,S>>E,
842,E>>S,
842,E>S,
842,S~E,
842,S>E,
842,S>>E,
843,E>>S,
843,E>S,
843,S~E,
843,S>E,
843,S>>E,
844,E>>S,
844,E>S,
844,S~E,
844,S>E,
844,S>>E,
845,E>>S,
845,E>S,
845,S~E,
845,S>E,
845,S>>E,
846,E>>S,
846,E>S,
846,S~E,
846,S>E,
846,S>>E,
847,E>>S,
847,E>S,
847,S~E,
847,S>E,
847,S>>E,
848,E>>S,
848,E>S,
848,S~E,
848,S>E,
848,S>>E,
849,E>>S,
849,E>S,
849,S~E,
849,S>E,
849,S>>E,
850,E>>S,
850,E>S,
850,S~E,
850,S>E,
850,S>>E,
851,E>>S,
851,E>S,
851,S~E,
851,S>E,
851,S>>E,
852,E>>S,
852,E>S,
852,S~E,
852,S>E,
852,S>>E,
853,E>>S,
853,E>S,
853,S~E,
853,S>E,
853,S>>E,
854,E>>S,
854,E>S,
854,S~E,
854,S>E,
854,S>>E,
855,E>>S,
855,E>S,
855,S~E,
855,S>E,
855,S>>E,
856,E>>S,
856,E>S,
856,S~E,
856,S>E,
856,S>>E,
857,E>>S,
857,E>S,
857,S~E,
857,S>E,
857,S>>E,
858,E>>S,
858,E>S,
858,S~E,
858,S>E,
858,S>>E,
859,E>>S,
859,E>S,
859,S~E,
859,S>E,
859,S>>E,
860,E>>S,
860,E>S,
860,S~E,
860,S>E,
860,S>>E,
861,E>>S,
861,E>S,
861,S~E,
861,S>E,
861,S>>E,
862,E>>S,
862,E>S,
862,S~E,
862,S>E,
862,S>>E,
863,E>>S,
863,E>S,
863,S~E,
863,S>E,
863,S>>E,
864,E>>S,
864,E>S,
864,S~E,
864,S>E,
864,S>>E,
865,E>>S,
865,E>S,
865,S~E,
865,S>E,
865,S>>E,
866,E>>S,
866,E>S,
866,S~E,
866,S>E,
866,S>>E,
867,E>>S,
867,E>S,
867,S~E,
867,S>E,
867,S>>E,
868,E>>S,
868,E>S,
868,S~E,
868,S>E,
868,S>>E,
869,E>>S,
869,E>S,
869,S~E,
869,S>E,
869,S>>E,
870,E>>S,
870,E>S,
870,S~E,
870,S>E,
870,S>>E,
871,E>>S,
871,E>S,
871,S~E,
871,S>E,
871,S>>E,
872,E>>S,
872,E>S,
872,S~E,
872,S>E,
872,S>>E,
873,E>>S,
873,E>S,
873,S~E,
873,S>E,
873,S>>E,
874,E>>S,
874,E>S,
874,S~E,
874,S>E,
874,S>>E,
875,E>>S,
875,E>S,
875,S~E,
875,S>E,
875,S>>E,
876,E>>S,
876,E>S,
876,S~E,
876,S>E,
876,S>>E,
877,E>>S,
877,E>S,
877,S~E,
877,S>E,
877,S>>E,
878,E>>S,
878,E>S,
878,S~E,
878,S>E,
878,S>>E,
879,E>>S,
879,E>S,
879,S~E,
879,S>E,
879,S>>E,
880,E>>S,
880,E>S,
880,S~E,
880,S>E,
880,S>>E,
881,E>>S,
881,E>S,
881,S~E,
881,S>E,
881,S>>E,
882,E>>S,
882,E>S,
882,S~E,
882,S>E,
882,S>>E,
883,E>>S,
883,E>S,
883,S~E,
883,S>E,
883,S>>E,
884,E>>S,
884,E>S,
884,S~E,
884,S>E,
884,S>>E,
885,E>>S,
885,E>S,
885,S~E,
885,S>E,
885,S>>E,
886,E>>S,
886,E>S,
886,S~E,
886,S>E,
886,S>>E,
887,E>>S,
887,E>S,
887,S~E,
887,S>E,
887,S>>E,
888,E>>S,
888,E>S,
888,S~E,
888,S>E,
888,S>>E,
889,E>>S,
889,E>S,
889,S~E,
889,S>E,
889,S>>E,
890,E>>S,
890,E>S,
890,S~E,
890,S>E,
890,S>>E,
891,E>>S,
891,E>S,
891,S~E,
891,S>E,
891,S>>E,
892,E>>S,
892,E>S,
892,S~E,
892,S>E,
892,S>>E,
893,E>>S,
893,E>S,
893,S~E,
893,S>E,
893,S>>E,
894,E>>S,
894,E>S,
894,S~E,
894,S>E,
894,S>>E,
895,E>>S,
895,E>S,
895,S~E,
895,S>E,
895,S>>E,
896,E>>S,
896,E>S,
896,S~E,
896,S>E,
896,S>>E,
897,E>>S,
897,E>S,
897,S~E,
897,S>E,
897,S>>E,
898,E>>S,
898,E>S,
898,S~E,
898,S>E,
898,S>>E,
899,E>>S,
899,E>S,
899,S~E,
899,S>E,
899,S>>E,
900,E>>S,
900,E>S,
900,S~E,
900,S>E,
900,S>>E,
901,E>>S,
901,E>S,
901,S~E,
901,S>E,
901,S>>E,
902,E>>S,
902,E>S,
902,S~E,
902,S>E,
902,S>>E,
903,E>>S,
903,E>S,
903,S~E,
903,S>E,
903,S>>E,
904,E>>S,
904,E>S,
904,S~E,
904,S>E,
904,S>>E,
905,E>>S,
905,E>S,
905,S~E,
905,S>E,
905,S>>E,
906,E>>S,
906,E>S,
906,S~E,
906,S>E,
906,S>>E,
907,E>>S,
907,E>S,
907,S~E,
907,S>E,
907,S>>E,
908,E>>S,
908,E>S,
908,S~E,
908,S>E,
908,S>>E,
909,E>>S,
909,E>S,
909,S~E,
909,S>E,
909,S>>E,
910,E>>S,
910,E>S,
910,S~E,
910,S>E,
910,S>>E,
911,E>>S,
911,E>S,
911,S~E,
911,S>E,
911,S>>E,
912,E>>S,
912,E>S,
912,S~E,
912,S>E,
912,S>>E,
913,E>>S,
913,E>S,
913,S~E,
913,S>E,
913,S>>E,
914,E>>S,
914,E>S,
914,S~E,
914,S>E,
914,S>>E,
915,E>>S,
915,E>S,
915,S~E,
915,S>E,
915,S>>E,
916,E>>S,
916,E>S,
916,S~E,
916,S>E,
916,S>>E,
917,E>>S,
917,E>S,
917,S~E,
917,S>E,
917,S>>E,
918,E>>S,
918,E>S,
918,S~E,
918,S>E,
918,S>>E,
919,E>>S,
919,E>S,
919,S~E,
919,S>E,
919,S>>E,
920,E>>S,
920,E>S,
920,S~E,
920,S>E,
920,S>>E,
921,E>>S,
921,E>S,
921,S~E,
921,S>E,
921,S>>E,
922,E>>S,
922,E>S,
922,S~E,
922,S>E,
922,S>>E,
923,E>>S,
923,E>S,
923,S~E,
923,S>E,
923,S>>E,
924,E>>S,
924,E>S,
924,S~E,
924,S>E,
924,S>>E,
925,E>>S,
925,E>S,
925,S~E,
925,S>E,
925,S>>E,
926,E>>S,
926,E>S,
926,S~E,
926,S>E,
926,S>>E,
927,E>>S,
927,E>S,
927,S~E,
927,S>E,
927,S>>E,
928,E>>S,
928,E>S,
928,S~E,
928,S>E,
928,S>>E,
929,E>>S,
929,E>S,
929,S~E,
929,S>E,
929,S>>E,
930,E>>S,
930,E>S,
930,S~E,
930,S>E,
930,S>>E,
931,E>>S,
931,E>S,
931,S~E,
931,S>E,
931,S>>E,
932,E>>S,
932,E>S,
932,S~E,
932,S>E,
932,S>>E,
933,E>>S,
933,E>S,
933,S~E,
933,S>E,
933,S>>E,
934,E>>S,
934,E>S,
934,S~E,
934,S>E,
934,S>>E,
935,E>>S,
935,E>S,
935,S~E,
935,S>E,
935,S>>E,
936,E>>S,
936,E>S,
936,S~E,
936,S>E,
936,S>>E,
937,E>>S,
937,E>S,
937,S~E,
937,S>E,
937,S>>E,
938,E>>S,
938,E>S,
938,S~E,
938,S>E,
938,S>>E,
939,E>>S,
939,E>S,
939,S~E,
939,S>E,
939,S>>E,
940,E>>S,
940,E>S,
940,S~E,
940,S>E,
940,S>>E,
941,E>>S,
941,E>S,
941,S~E,
941,S>E,
941,S>>E,
942,E>>S,
942,E>S,
942,S~E,
942,S>E,
942,S>>E,
943,E>>S,
943,E>S,
943,S~E,
943,S>E,
943,S>>E,
944,E>>S,
944,E>S,
944,S~E,
944,S>E,
944,S>>E,
945,E>>S,
945,E>S,
945,S~E,
945,S>E,
945,S>>E,
946,E>>S,
946,E>S,
946,S~E,
946,S>E,
946,S>>E,
947,E>>S,
947,E>S,
947,S~E,
947,S>E,
947,S>>E,
948,E>>S,
948,E>S,
948,S~E,
948,S>E,
948,S>>E,
949,E>>S,
949,E>S,
949,S~E,
949,S>E,
949,S>>E,
950,E>>S,
950,E>S,
950,S~E,
950,S>E,
950,S>>E,
951,E>>S,
951,E>S,
951,S~E,
951,S>E,
951,S>>E,
952,E>>S,
952,E>S,
952,S~E,
952,S>E,
952,S>>E,
953,E>>S,
953,E>S,
953,S~E,
953,S>E,
953,S>>E,
954,E>>S,
954,E>S,
954,S~E,
954,S>E,
954,S>>E,
955,E>>S,
955,E>S,
955,S~E,
955,S>E,
955,S>>E,
956,E>>S,
956,E>S,
956,S~E,
956,S>E,
956,S>>E,
957,E>>S,
957,E>S,
957,S~E,
957,S>E,
957,S>>E,
958,E>>S,
958,E>S,
958,S~E,
958,S>E,
958,S>>E,
959,E>>S,
959,E>S,
959,S~E,
959,S>E,
959,S>>E,
960,E>>S,
960,E>S,
960,S~E,
960,S>E,
960,S>>E,
961,E>>S,
961,E>S,
961,S~E,
961,S>E,
961,S>>E,
962,E>>S,
962,E>S,
962,S~E,
962,S>E,
962,S>>E,
963,E>>S,
963,E>S,
963,S~E,
963,S>E,
963,S>>E,
964,E>>S,
964,E>S,
964,S~E,
964,S>E,
964,S>>E,
965,E>>S,
965,E>S,
965,S~E,
965,S>E,
965,S>>E,
966,E>>S,
966,E>S,
966,S~E,
966,S>E,
966,S>>E,
967,E>>S,
967,E>S,
967,S~E,
967,S>E,
967,S>>E,
968,E>>S,
968,E>S,
968,S~E,
968,S>E,
968,S>>E,
969,E>>S,
969,E>S,
969,S~E,
969,S>E,
969,S>>E,
970,E>>S,
970,E>S,
970,S~E,
970,S>E,
970,S>>E,
971,E>>S,
971,E>S,
971,S~E,
971,S>E,
971,S>>E,
972,E>>S,
972,E>S,
972,S~E,
972,S>E,
972,S>>E,
973,E>>S,
973,E>S,
973,S~E,
973,S>E,
973,S>>E,
974,E>>S,
974,E>S,
974,S~E,
974,S>E,
974,S>>E,
975,E>>S,
975,E>S,
975,S~E,
975,S>E,
975,S>>E,
976,E>>S,
976,E>S,
976,S~E,
976,S>E,
976,S>>E,
977,E>>S,
977,E>S,
977,S~E,
977,S>E,
977,S>>E,
978,E>>S,
978,E>S,
978,S~E,
978,S>E,
978,S>>E,
979,E>>S,
979,E>S,
979,S~E,
979,S>E,
979,S>>E,
980,E>>S,
980,E>S,
980,S~E,
980,S>E,
980,S>>E,
981,E>>S,
981,E>S,
981,S~E,
981,S>E,
981,S>>E,
982,E>>S,
982,E>S,
982,S~E,
982,S>E,
982,S>>E,
983,E>>S,
983,E>S,
983,S~E,
983,S>E,
983,S>>E,
984,E>>S,
984,E>S,
984,S~E,
984,S>E,
984,S>>E,
985,E>>S,
985,E>S,
985,S~E,
985,S>E,
985,S>>E,
986,E>>S,
986,E>S,
986,S~E,
986,S>E,
986,S>>E,
987,E>>S,
987,E>S,
987,S~E,
987,S>E,
987,S>>E,
988,E>>S,
988,E>S,
988,S~E,
988,S>E,
988,S>>E,
989,E>>S,
989,E>S,
989,S~E,
989,S>E,
989,S>>E,
990,E>>S,
990,E>S,
990,S~E,
990,S>E,
990,S>>E,
991,E>>S,
991,E>S,
991,S~E,
991,S>E,
991,S>>E,
992,E>>S,
992,E>S,
992,S~E,
992,S>E,
992,S>>E,
993,E>>S,
993,E>S,
993,S~E,
993,S>E,
993,S>>E,
994,E>>S,
994,E>S,
994,S~E,
994,S>E,
994,S>>E,
995,E>>S,
995,E>S,
995,S~E,
995,S>E,
995,S>>E,
996,E>>S,
996,E>S,
996,S~E,
996,S>E,
996,S>>E,
997,E>>S,
997,E>S,
997,S~E,
997,S>E,
997,S>>E,
998,E>>S,
998,E>S,
998,S~E,
998,S>E,
998,S>>E,
999,E>>S,
999,E>S,
999,S~E,
999,S>E,
999,S>>E,
1000,E>>S,
1000,E>S,
1000,S~E,
1000,S>E,
1000,S>>E,
1001,E>>S,
1001,E>S,
1001,S~E,
1001,S>E,
1001,S>>E,
1002,E>>S,
1002,E>S,
1002,S~E,
1002,S>E,
1002,S>>E,
1003,E>>S,
1003,E>S,
1003,S~E,
1003,S>E,
1003,S>>E,
1004,E>>S,
1004,E>S,
1004,S~E,
1004,S>E,
1004,S>>E,
1005,E>>S,
1005,E>S,
1005,S~E,
1005,S>E,
1005,S>>E,
1006,E>>S,
1006,E>S,
1006,S~E,
1006,S>E,
1006,S>>E,
1007,E>>S,
1007,E>S,
1007,S~E,
1007,S>E,
1007,S>>E,
1008,E>>S,
1008,E>S,
1008,S~E,
1008,S>E,
1008,S>>E,
1009,E>>S,
1009,E>S,
1009,S~E,
1009,S>E,
1009,S>>E,
1010,E>>S,
1010,E>S,
1010,S~E,
1010,S>E,
1010,S>>E,
1011,E>>S,
1011,E>S,
1011,S~E,
1011,S>E,
1011,S>>E,
1012,E>>S,
1012,E>S,
1012,S~E,
1012,S>E,
1012,S>>E,
1013,E>>S,
1013,E>S,
1013,S~E,
1013,S>E,
1013,S>>E,
1014,E>>S,
1014,E>S,
1014,S~E,
1014,S>E,
1014,S>>E,
1015,E>>S,
1015,E>S,
1015,S~E,
1015,S>E,
1015,S>>E,
1016,E>>S,
1016,E>S,
1016,S~E,
1016,S>E,
1016,S>>E,
1017,E>>S,
1017,E>S,
1017,S~E,
1017,S>E,
1017,S>>E,
1018,E>>S,
1018,E>S,
1018,S~E,
1018,S>E,
1018,S>>E,
1019,E>>S,
1019,E>S,
1019,S~E,
1019,S>E,
1019,S>>E,
1020,E>>S,
1020,E>S,
1020,S~E,
1020,S>E,
1020,S>>E,
1021,E>>S,
1021,E>S,
1021,S~E,
1021,S>E,
1021,S>>E,
1022,E>>S,
1022,E>S,
1022,S~E,
1022,S>E,
1022,S>>E,
1023,E>>S,
1023,E>S,
1023,S~E,
1023,S>E,
1023,S>>E,
1024,E>>S,
1024,E>S,
1024,S~E,
1024,S>E,
1024,S>>E,
1025,E>>S,
1025,E>S,
1025,S~E,
1025,S>E,
1025,S>>E,
1026,E>>S,
1026,E>S,
1026,S~E,
1026,S>E,
1026,S>>E,
1027,E>>S,
1027,E>S,
1027,S~E,
1027,S>E,
1027,S>>E,
1028,E>>S,
1028,E>S,
1028,S~E,
1028,S>E,
1028,S>>E,
1029,E>>S,
1029,E>S,
1029,S~E,
1029,S>E,
1029,S>>E,
1030,E>>S,
1030,E>S,
1030,S~E,
1030,S>E,
1030,S>>E,
1031,E>>S,
1031,E>S,
1031,S~E,
1031,S>E,
1031,S>>E,
1032,E>>S,
1032,E>S,
1032,S~E,
1032,S>E,
1032,S>>E,
1033,E>>S,
1033,E>S,
1033,S~E,
1033,S>E,
1033,S>>E,
1034,E>>S,
1034,E>S,
1034,S~E,
1034,S>E,
1034,S>>E,
1035,E>>S,
1035,E>S,
1035,S~E,
1035,S>E,
1035,S>>E,
1036,E>>S,
1036,E>S,
1036,S~E,
1036,S>E,
1036,S>>E,
1037,E>>S,
1037,E>S,
1037,S~E,
1037,S>E,
1037,S>>E,
1038,E>>S,
1038,E>S,
1038,S~E,
1038,S>E,
1038,S>>E,
1039,E>>S,
1039,E>S,
1039,S~E,
1039,S>E,
1039,S>>E,
1040,E>>S,
1040,E>S,
1040,S~E,
1040,S>E,
1040,S>>E,
1041,E>>S,
1041,E>S,
1041,S~E,
1041,S>E,
1041,S>>E,
1042,E>>S,
1042,E>S,
1042,S~E,
1042,S>E,
1042,S>>E,
1043,E>>S,
1043,E>S,
1043,S~E,
1043,S>E,
1043,S>>E,
1044,E>>S,
1044,E>S,
1044,S~E,
1044,S>E,
1044,S>>E,
1045,E>>S,
1045,E>S,
1045,S~E,
1045,S>E,
1045,S>>E,
1046,E>>S,
1046,E>S,
1046,S~E,
1046,S>E,
1046,S>>E,
1047,E>>S,
1047,E>S,
1047,S~E,
1047,S>E,
1047,S>>E,
1048,E>>S,
1048,E>S,
1048,S~E,
1048,S>E,
1048,S>>E,
1049,E>>S,
1049,E>S,
1049,S~E,
1049,S>E,
1049,S>>E,
1050,E>>S,
1050,E>S,
1050,S~E,
1050,S>E,
1050,S>>E,
1051,E>>S,
1051,E>S,
1051,S~E,
1051,S>E,
1051,S>>E,
1052,E>>S,
1052,E>S,
1052,S~E,
1052,S>E,
1052,S>>E,
1053,E>>S,
1053,E>S,
1053,S~E,
1053,S>E,
1053,S>>E,
1054,E>>S,
1054,E>S,
1054,S~E,
1054,S>E,
1054,S>>E,
1055,E>>S,
1055,E>S,
1055,S~E,
1055,S>E,
1055,S>>E,
1056,E>>S,
1056,E>S,
1056,S~E,
1056,S>E,
1056,S>>E,
1057,E>>S,
1057,E>S,
1057,S~E,
1057,S>E,
1057,S>>E,
1058,E>>S,
1058,E>S,
1058,S~E,
1058,S>E,
1058,S>>E,
1059,E>>S,
1059,E>S,
1059,S~E,
1059,S>E,
1059,S>>E,
1060,E>>S,
1060,E>S,
1060,S~E,
1060,S>E,
1060,S>>E,
1061,E>>S,
1061,E>S,
1061,S~E,
1061,S>E,
1061,S>>E,
1062,E>>S,
1062,E>S,
1062,S~E,
1062,S>E,
1062,S>>E,
1063,E>>S,
1063,E>S,
1063,S~E,
1063,S>E,
1063,S>>E,
1064,E>>S,
1064,E>S,
1064,S~E,
1064,S>E,
1064,S>>E,
1065,E>>S,
1065,E>S,
1065,S~E,
1065,S>E,
1065,S>>E,
1066,E>>S,
1066,E>S,
1066,S~E,
1066,S>E,
1066,S>>E,
1067,E>>S,
1067,E>S,
1067,S~E,
1067,S>E,
1067,S>>E,
1068,E>>S,
1068,E>S,
1068,S~E,
1068,S>E,
1068,S>>E,
1069,E>>S,
1069,E>S,
1069,S~E,
1069,S>E,
1069,S>>E,
1070,E>>S,
1070,E>S,
1070,S~E,
1070,S>E,
1070,S>>E,
1071,E>>S,
1071,E>S,
1071,S~E,
1071,S>E,
1071,S>>E,
1072,E>>S,
1072,E>S,
1072,S~E,
1072,S>E,
1072,S>>E,
1073,E>>S,
1073,E>S,
1073,S~E,
1073,S>E,
1073,S>>E,
1074,E>>S,
1074,E>S,
1074,S~E,
1074,S>E,
1074,S>>E,
1075,E>>S,
1075,E>S,
1075,S~E,
1075,S>E,
1075,S>>E,
1076,E>>S,
1076,E>S,
1076,S~E,
1076,S>E,
1076,S>>E,
1077,E>>S,
1077,E>S,
1077,S~E,
1077,S>E,
1077,S>>E,
1078,E>>S,
1078,E>S,
1078,S~E,
1078,S>E,
1078,S>>E,
1079,E>>S,
1079,E>S,
1079,S~E,
1079,S>E,
1079,S>>E,
1080,E>>S,
1080,E>S,
1080,S~E,
1080,S>E,
1080,S>>E,
1081,E>>S,
1081,E>S,
1081,S~E,
1081,S>E,
1081,S>>E,
1082,E>>S,
1082,E>S,
1082,S~E,
1082,S>E,
1082,S>>E,
1083,E>>S,
1083,E>S,
1083,S~E,
1083,S>E,
1083,S>>E,
1084,E>>S,
1084,E>S,
1084,S~E,
1084,S>E,
1084,S>>E,
1085,E>>S,
1085,E>S,
1085,S~E,
1085,S>E,
1085,S>>E,
1086,E>>S,
1086,E>S,
1086,S~E,
1086,S>E,
1086,S>>E,
1087,E>>S,
1087,E>S,
1087,S~E,
1087,S>E,
1087,S>>E,
1088,E>>S,
1088,E>S,
1088,S~E,
1088,S>E,
1088,S>>E,
1089,E>>S,
1089,E>S,
1089,S~E,
1089,S>E,
1089,S>>E,
1090,E>>S,
1090,E>S,
1090,S~E,
1090,S>E,
1090,S>>E,
1091,E>>S,
1091,E>S,
1091,S~E,
1091,S>E,
1091,S>>E,
1092,E>>S,
1092,E>S,
1092,S~E,
1092,S>E,
1092,S>>E,
1093,E>>S,
1093,E>S,
1093,S~E,
1093,S>E,
1093,S>>E,
1094,E>>S,
1094,E>S,
1094,S~E,
1094,S>E,
1094,S>>E,
1095,E>>S,
1095,E>S,
1095,S~E,
1095,S>E,
1095,S>>E,
1096,E>>S,
1096,E>S,
1096,S~E,
1096,S>E,
1096,S>>E,
1097,E>>S,
1097,E>S,
1097,S~E,
1097,S>E,
1097,S>>E,
1098,E>>S,
1098,E>S,
1098,S~E,
1098,S>E,
1098,S>>E,
1099,E>>S,
1099,E>S,
1099,S~E,
1099,S>E,
1099,S>>E,
1100,E>>S,
1100,E>S,
1100,S~E,
1100,S>E,
1100,S>>E,
1101,E>>S,
1101,E>S,
1101,S~E,
1101,S>E,
1101,S>>E,
1102,E>>S,
1102,E>S,
1102,S~E,
1102,S>E,
1102,S>>E,
1103,E>>S,
1103,E>S,
1103,S~E,
1103,S>E,
1103,S>>E,
1104,E>>S,
1104,E>S,
1104,S~E,
1104,S>E,
1104,S>>E,
1105,E>>S,
1105,E>S,
1105,S~E,
1105,S>E,
1105,S>>E,
1106,E>>S,
1106,E>S,
1106,S~E,
1106,S>E,
1106,S>>E,
1107,E>>S,
1107,E>S,
1107,S~E,
1107,S>E,
1107,S>>E,
1108,E>>S,
1108,E>S,
1108,S~E,
1108,S>E,
1108,S>>E,
1109,E>>S,
1109,E>S,
1109,S~E,
1109,S>E,
1109,S>>E,
1110,E>>S,
1110,E>S,
1110,S~E,
1110,S>E,
1110,S>>E,
1111,E>>S,
1111,E>S,
1111,S~E,
1111,S>E,
1111,S>>E,
1112,E>>S,
1112,E>S,
1112,S~E,
1112,S>E,
1112,S>>E,
1113,E>>S,
1113,E>S,
1113,S~E,
1113,S>E,
1113,S>>E,
1114,E>>S,
1114,E>S,
1114,S~E,
1114,S>E,
1114,S>>E,
1115,E>>S,
1115,E>S,
1115,S~E,
1115,S>E,
1115,S>>E,
1116,E>>S,
1116,E>S,
1116,S~E,
1116,S>E,
1116,S>>E,
1117,E>>S,
1117,E>S,
1117,S~E,
1117,S>E,
1117,S>>E,
1118,E>>S,
1118,E>S,
1118,S~E,
1118,S>E,
1118,S>>E,
1119,E>>S,
1119,E>S,
1119,S~E,
1119,S>E,
1119,S>>E,
1120,E>>S,
1120,E>S,
1120,S~E,
1120,S>E,
1120,S>>E,
1121,E>>S,
1121,E>S,
1121,S~E,
1121,S>E,
1121,S>>E,
1122,E>>S,
1122,E>S,
1122,S~E,
1122,S>E,
1122,S>>E,
1123,E>>S,
1123,E>S,
1123,S~E,
1123,S>E,
1123,S>>E,
1124,E>>S,
1124,E>S,
1124,S~E,
1124,S>E,
1124,S>>E,
1125,E>>S,
1125,E>S,
1125,S~E,
1125,S>E,
1125,S>>E,
1126,E>>S,
1126,E>S,
1126,S~E,
1126,S>E,
1126,S>>E,
1127,E>>S,
1127,E>S,
1127,S~E,
1127,S>E,
1127,S>>E,
1128,E>>S,
1128,E>S,
1128,S~E,
1128,S>E,
1128,S>>E,
1129,E>>S,
1129,E>S,
1129,S~E,
1129,S>E,
1129,S>>E,
1130,E>>S,
1130,E>S,
1130,S~E,
1130,S>E,
1130,S>>E,
1131,E>>S,
1131,E>S,
1131,S~E,
1131,S>E,
1131,S>>E,
1132,E>>S,
1132,E>S,
1132,S~E,
1132,S>E,
1132,S>>E,
1133,E>>S,
1133,E>S,
1133,S~E,
1133,S>E,
1133,S>>E,
1134,E>>S,
1134,E>S,
1134,S~E,
1134,S>E,
1134,S>>E,
1135,E>>S,
1135,E>S,
1135,S~E,
1135,S>E,
1135,S>>E,
1136,E>>S,
1136,E>S,
1136,S~E,
1136,S>E,
1136,S>>E,
1137,E>>S,
1137,E>S,
1137,S~E,
1137,S>E,
1137,S>>E,
1138,E>>S,
1138,E>S,
1138,S~E,
1138,S>E,
1138,S>>E,
1139,E>>S,
1139,E>S,
1139,S~E,
1139,S>E,
1139,S>>E,
1140,E>>S,
1140,E>S,
1140,S~E,
1140,S>E,
1140,S>>E,
1141,E>>S,
1141,E>S,
1141,S~E,
1141,S>E,
1141,S>>E,
1142,E>>S,
1142,E>S,
1142,S~E,
1142,S>E,
1142,S>>E,
1143,E>>S,
1143,E>S,
1143,S~E,
1143,S>E,
1143,S>>E,
1144,E>>S,
1144,E>S,
1144,S~E,
1144,S>E,
1144,S>>E,
1145,E>>S,
1145,E>S,
1145,S~E,
1145,S>E,
1145,S>>E,
1146,E>>S,
1146,E>S,
1146,S~E,
1146,S>E,
1146,S>>E,
1147,E>>S,
1147,E>S,
1147,S~E,
1147,S>E,
1147,S>>E,
1148,E>>S,
1148,E>S,
1148,S~E,
1148,S>E,
1148,S>>E,
1149,E>>S,
1149,E>S,
1149,S~E,
1149,S>E,
1149,S>>E,
1150,E>>S,
1150,E>S,
1150,S~E,
1150,S>E,
1150,S>>E,
1151,E>>S,
1151,E>S,
1151,S~E,
1151,S>E,
1151,S>>E,
1152,E>>S,
1152,E>S,
1152,S~E,
1152,S>E,
1152,S>>E,
1153,E>>S,
1153,E>S,
1153,S~E,
1153,S>E,
1153,S>>E,
1154,E>>S,
1154,E>S,
1154,S~E,
1154,S>E,
1154,S>>E,
1155,E>>S,
1155,E>S,
1155,S~E,
1155,S>E,
1155,S>>E,
1156,E>>S,
1156,E>S,
1156,S~E,
1156,S>E,
1156,S>>E,
1157,E>>S,
1157,E>S,
1157,S~E,
1157,S>E,
1157,S>>E,
1158,E>>S,
1158,E>S,
1158,S~E,
1158,S>E,
1158,S>>E,
1159,E>>S,
1159,E>S,
1159,S~E,
1159,S>E,
1159,S>>E,
1160,E>>S,
1160,E>S,
1160,S~E,
1160,S>E,
1160,S>>E,
1161,E>>S,
1161,E>S,
1161,S~E,
1161,S>E,
1161,S>>E,
1162,E>>S,
1162,E>S,
1162,S~E,
1162,S>E,
1162,S>>E,
1163,E>>S,
1163,E>S,
1163,S~E,
1163,S>E,
1163,S>>E,
1164,E>>S,
1164,E>S,
1164,S~E,
1164,S>E,
1164,S>>E,
1165,E>>S,
1165,E>S,
1165,S~E,
1165,S>E,
1165,S>>E,
1166,E>>S,
1166,E>S,
1166,S~E,
1166,S>E,
1166,S>>E,
1167,E>>S,
1167,E>S,
1167,S~E,
1167,S>E,
1167,S>>E,
1168,E>>S,
1168,E>S,
1168,S~E,
1168,S>E,
1168,S>>E,
1169,E>>S,
1169,E>S,
1169,S~E,
1169,S>E,
1169,S>>E,
1170,E>>S,
1170,E>S,
1170,S~E,
1170,S>E,
1170,S>>E,
1171,E>>S,
1171,E>S,
1171,S~E,
1171,S>E,
1171,S>>E,
1172,E>>S,
1172,E>S,
1172,S~E,
1172,S>E,
1172,S>>E,
1173,E>>S,
1173,E>S,
1173,S~E,
1173,S>E,
1173,S>>E,
1174,E>>S,
1174,E>S,
1174,S~E,
1174,S>E,
1174,S>>E,
1175,E>>S,
1175,E>S,
1175,S~E,
1175,S>E,
1175,S>>E,
1176,E>>S,
1176,E>S,
1176,S~E,
1176,S>E,
1176,S>>E,
1177,E>>S,
1177,E>S,
1177,S~E,
1177,S>E,
1177,S>>E,
1178,E>>S,
1178,E>S,
1178,S~E,
1178,S>E,
1178,S>>E,
1179,E>>S,
1179,E>S,
1179,S~E,
1179,S>E,
1179,S>>E,
1180,E>>S,
1180,E>S,
1180,S~E,
1180,S>E,
1180,S>>E,
1181,E>>S,
1181,E>S,
1181,S~E,
1181,S>E,
1181,S>>E,
1182,E>>S,
1182,E>S,
1182,S~E,
1182,S>E,
1182,S>>E,
1183,E>>S,
1183,E>S,
1183,S~E,
1183,S>E,
1183,S>>E,
1184,E>>S,
1184,E>S,
1184,S~E,
1184,S>E,
1184,S>>E,
1185,E>>S,
1185,E>S,
1185,S~E,
1185,S>E,
1185,S>>E,
1186,E>>S,
1186,E>S,
1186,S~E,
1186,S>E,
1186,S>>E,
1187,E>>S,
1187,E>S,
1187,S~E,
1187,S>E,
1187,S>>E,
1188,E>>S,
1188,E>S,
1188,S~E,
1188,S>E,
1188,S>>E,
1189,E>>S,
1189,E>S,
1189,S~E,
1189,S>E,
1189,S>>E,
1190,E>>S,
1190,E>S,
1190,S~E,
1190,S>E,
1190,S>>E,
1191,E>>S,
1191,E>S,
1191,S~E,
1191,S>E,
1191,S>>E,
1192,E>>S,
1192,E>S,
1192,S~E,
1192,S>E,
1192,S>>E,
1193,E>>S,
1193,E>S,
1193,S~E,
1193,S>E,
1193,S>>E,
1194,E>>S,
1194,E>S,
1194,S~E,
1194,S>E,
1194,S>>E,
1195,E>>S,
1195,E>S,
1195,S~E,
1195,S>E,
1195,S>>E,
1196,E>>S,
1196,E>S,
1196,S~E,
1196,S>E,
1196,S>>E,
1197,E>>S,
1197,E>S,
1197,S~E,
1197,S>E,
1197,S>>E,
1198,E>>S,
1198,E>S,
1198,S~E,
1198,S>E,
1198,S>>E,
1199,E>>S,
1199,E>S,
1199,S~E,
1199,S>E,
1199,S>>E,
1200,E>>S,
1200,E>S,
1200,S~E,
1200,S>E,
1200,S>>E,
1201,E>>S,
1201,E>S,
1201,S~E,
1201,S>E,
1201,S>>E,
1202,E>>S,
1202,E>S,
1202,S~E,
1202,S>E,
1202,S>>E,
1203,E>>S,
1203,E>S,
1203,S~E,
1203,S>E,
1203,S>>E,
1204,E>>S,
1204,E>S,
1204,S~E,
1204,S>E,
1204,S>>E,
1205,E>>S,
1205,E>S,
1205,S~E,
1205,S>E,
1205,S>>E,
1206,E>>S,
1206,E>S,
1206,S~E,
1206,S>E,
1206,S>>E,
1207,E>>S,
1207,E>S,
1207,S~E,
1207,S>E,
1207,S>>E,
1208,E>>S,
1208,E>S,
1208,S~E,
1208,S>E,
1208,S>>E,
1209,E>>S,
1209,E>S,
1209,S~E,
1209,S>E,
1209,S>>E,
1210,E>>S,
1210,E>S,
1210,S~E,
1210,S>E,
1210,S>>E,
1211,E>>S,
1211,E>S,
1211,S~E,
1211,S>E,
1211,S>>E,
1212,E>>S,
1212,E>S,
1212,S~E,
1212,S>E,
1212,S>>E,
1213,E>>S,
1213,E>S,
1213,S~E,
1213,S>E,
1213,S>>E,
1214,E>>S,
1214,E>S,
1214,S~E,
1214,S>E,
1214,S>>E,
1215,E>>S,
1215,E>S,
1215,S~E,
1215,S>E,
1215,S>>E,
1216,E>>S,
1216,E>S,
1216,S~E,
1216,S>E,
1216,S>>E,
1217,E>>S,
1217,E>S,
1217,S~E,
1217,S>E,
1217,S>>E,
1218,E>>S,
1218,E>S,
1218,S~E,
1218,S>E,
1218,S>>E,
1219,E>>S,
1219,E>S,
1219,S~E,
1219,S>E,
1219,S>>E,
1220,E>>S,
1220,E>S,
1220,S~E,
1220,S>E,
1220,S>>E,
1221,E>>S,
1221,E>S,
1221,S~E,
1221,S>E,
1221,S>>E,
1222,E>>S,
1222,E>S,
1222,S~E,
1222,S>E,
1222,S>>E,
1223,E>>S,
1223,E>S,
1223,S~E,
1223,S>E,
1223,S>>E,
1224,E>>S,
1224,E>S,
1224,S~E,
1224,S>E,
1224,S>>E,
1225,E>>S,
1225,E>S,
1225,S~E,
1225,S>E,
1225,S>>E,
1226,E>>S,
1226,E>S,
1226,S~E,
1226,S>E,
1226,S>>E,
1227,E>>S,
1227,E>S,
1227,S~E,
1227,S>E,
1227,S>>E,
1228,E>>S,
1228,E>S,
1228,S~E,
1228,S>E,
1228,S>>E,
1229,E>>S,
1229,E>S,
1229,S~E,
1229,S>E,
1229,S>>E,
1230,E>>S,
1230,E>S,
1230,S~E,
1230,S>E,
1230,S>>E,
1231,E>>S,
1231,E>S,
1231,S~E,
1231,S>E,
1231,S>>E,
1232,E>>S,
1232,E>S,
1232,S~E,
1232,S>E,
1232,S>>E,
1233,E>>S,
1233,E>S,
1233,S~E,
1233,S>E,
1233,S>>E,
1234,E>>S,
1234,E>S,
1234,S~E,
1234,S>E,
1234,S>>E,
1235,E>>S,
1235,E>S,
1235,S~E,
1235,S>E,
1235,S>>E,
1236,E>>S,
1236,E>S,
1236,S~E,
1236,S>E,
1236,S>>E,
1237,E>>S,
1237,E>S,
1237,S~E,
1237,S>E,
1237,S>>E,
1238,E>>S,
1238,E>S,
1238,S~E,
1238,S>E,
1238,S>>E,
1239,E>>S,
1239,E>S,
1239,S~E,
1239,S>E,
1239,S>>E,
1240,E>>S,
1240,E>S,
1240,S~E,
1240,S>E,
1240,S>>E,
1241,E>>S,
1241,E>S,
1241,S~E,
1241,S>E,
1241,S>>E,
1242,E>>S,
1242,E>S,
1242,S~E,
1242,S>E,
1242,S>>E,
1243,E>>S,
1243,E>S,
1243,S~E,
1243,S>E,
1243,S>>E,
1244,E>>S,
1244,E>S,
1244,S~E,
1244,S>E,
1244,S>>E,
1245,E>>S,
1245,E>S,
1245,S~E,
1245,S>E,
1245,S>>E,
1246,E>>S,
1246,E>S,
1246,S~E,
1246,S>E,
1246,S>>E,
1247,E>>S,
1247,E>S,
1247,S~E,
1247,S>E,
1247,S>>E,
1248,E>>S,
1248,E>S,
1248,S~E,
1248,S>E,
1248,S>>E,
1249,E>>S,
1249,E>S,
1249,S~E,
1249,S>E,
1249,S>>E,
1250,E>>S,
1250,E>S,
1250,S~E,
1250,S>E,
1250,S>>E,
1251,E>>S,
1251,E>S,
1251,S~E,
1251,S>E,
1251,S>>E,
1252,E>>S,
1252,E>S,
1252,S~E,
1252,S>E,
1252,S>>E,
1253,E>>S,
1253,E>S,
1253,S~E,
1253,S>E,
1253,S>>E,
1254,E>>S,
1254,E>S,
1254,S~E,
1254,S>E,
1254,S>>E,
1255,E>>S,
1255,E>S,
1255,S~E,
1255,S>E,
1255,S>>E,
1256,E>>S,
1256,E>S,
1256,S~E,
1256,S>E,
1256,S>>E,
1257,E>>S,
1257,E>S,
1257,S~E,
1257,S>E,
1257,S>>E,
1258,E>>S,
1258,E>S,
1258,S~E,
1258,S>E,
1258,S>>E,
1259,E>>S,
1259,E>S,
1259,S~E,
1259,S>E,
1259,S>>E,
1260,E>>S,
1260,E>S,
1260,S~E,
1260,S>E,
1260,S>>E,
1261,E>>S,
1261,E>S,
1261,S~E,
1261,S>E,
1261,S>>E,
1262,E>>S,
1262,E>S,
1262,S~E,
1262,S>E,
1262,S>>E,
1263,E>>S,
1263,E>S,
1263,S~E,
1263,S>E,
1263,S>>E,
1264,E>>S,
1264,E>S,
1264,S~E,
1264,S>E,
1264,S>>E,
1265,E>>S,
1265,E>S,
1265,S~E,
1265,S>E,
1265,S>>E,
1266,E>>S,
1266,E>S,
1266,S~E,
1266,S>E,
1266,S>>E,
1267,E>>S,
1267,E>S,
1267,S~E,
1267,S>E,
1267,S>>E,
1268,E>>S,
1268,E>S,
1268,S~E,
1268,S>E,
1268,S>>E,
1269,E>>S,
1269,E>S,
1269,S~E,
1269,S>E,
1269,S>>E,
1270,E>>S,
1270,E>S,
1270,S~E,
1270,S>E,
1270,S>>E,
1271,E>>S,
1271,E>S,
1271,S~E,
1271,S>E,
1271,S>>E,
1272,E>>S,
1272,E>S,
1272,S~E,
1272,S>E,
1272,S>>E,
1273,E>>S,
1273,E>S,
1273,S~E,
1273,S>E,
1273,S>>E,
1274,E>>S,
1274,E>S,
1274,S~E,
1274,S>E,
1274,S>>E,
1275,E>>S,
1275,E>S,
1275,S~E,
1275,S>E,
1275,S>>E,
1276,E>>S,
1276,E>S,
1276,S~E,
1276,S>E,
1276,S>>E,
1277,E>>S,
1277,E>S,
1277,S~E,
1277,S>E,
1277,S>>E,
1278,E>>S,
1278,E>S,
1278,S~E,
1278,S>E,
1278,S>>E,
1279,E>>S,
1279,E>S,
1279,S~E,
1279,S>E,
1279,S>>E,
1280,E>>S,
1280,E>S,
1280,S~E,
1280,S>E,
1280,S>>E,
1281,E>>S,
1281,E>S,
1281,S~E,
1281,S>E,
1281,S>>E,
1282,E>>S,
1282,E>S,
1282,S~E,
1282,S>E,
1282,S>>E,
1283,E>>S,
1283,E>S,
1283,S~E,
1283,S>E,
1283,S>>E,
1284,E>>S,
1284,E>S,
1284,S~E,
1284,S>E,
1284,S>>E,
1285,E>>S,
1285,E>S,
1285,S~E,
1285,S>E,
1285,S>>E,
1286,E>>S,
1286,E>S,
1286,S~E,
1286,S>E,
1286,S>>E,
1287,E>>S,
1287,E>S,
1287,S~E,
1287,S>E,
1287,S>>E,
1288,E>>S,
1288,E>S,
1288,S~E,
1288,S>E,
1288,S>>E,
1289,E>>S,
1289,E>S,
1289,S~E,
1289,S>E,
1289,S>>E,
1290,E>>S,
1290,E>S,
1290,S~E,
1290,S>E,
1290,S>>E,
1291,E>>S,
1291,E>S,
1291,S~E,
1291,S>E,
1291,S>>E,
1292,E>>S,
1292,E>S,
1292,S~E,
1292,S>E,
1292,S>>E,
1293,E>>S,
1293,E>S,
1293,S~E,
1293,S>E,
1293,S>>E,
1294,E>>S,
1294,E>S,
1294,S~E,
1294,S>E,
1294,S>>E,
1295,E>>S,
1295,E>S,
1295,S~E,
1295,S>E,
1295,S>>E,
1296,E>>S,
1296,E>S,
1296,S~E,
1296,S>E,
1296,S>>E,
1297,E>>S,
1297,E>S,
1297,S~E,
1297,S>E,
1297,S>>E,
1298,E>>S,
1298,E>S,
1298,S~E,
1298,S>E,
1298,S>>E,
1299,E>>S,
1299,E>S,
1299,S~E,
1299,S>E,
1299,S>>E,
1300,E>>S,
1300,E>S,
1300,S~E,
1300,S>E,
1300,S>>E,
1301,E>>S,
1301,E>S,
1301,S~E,
1301,S>E,
1301,S>>E,
1302,E>>S,
1302,E>S,
1302,S~E,
1302,S>E,
1302,S>>E,
1303,E>>S,
1303,E>S,
1303,S~E,
1303,S>E,
1303,S>>E,
1304,E>>S,
1304,E>S,
1304,S~E,
1304,S>E,
1304,S>>E,
1305,E>>S,
1305,E>S,
1305,S~E,
1305,S>E,
1305,S>>E,
1306,E>>S,
1306,E>S,
1306,S~E,
1306,S>E,
1306,S>>E,
1307,E>>S,
1307,E>S,
1307,S~E,
1307,S>E,
1307,S>>E,
1308,E>>S,
1308,E>S,
1308,S~E,
1308,S>E,
1308,S>>E,
1309,E>>S,
1309,E>S,
1309,S~E,
1309,S>E,
1309,S>>E,
1310,E>>S,
1310,E>S,
1310,S~E,
1310,S>E,
1310,S>>E,
1311,E>>S,
1311,E>S,
1311,S~E,
1311,S>E,
1311,S>>E,
1312,E>>S,
1312,E>S,
1312,S~E,
1312,S>E,
1312,S>>E,
1313,E>>S,
1313,E>S,
1313,S~E,
1313,S>E,
1313,S>>E,
1314,E>>S,
1314,E>S,
1314,S~E,
1314,S>E,
1314,S>>E,
1315,E>>S,
1315,E>S,
1315,S~E,
1315,S>E,
1315,S>>E,
1316,E>>S,
1316,E>S,
1316,S~E,
1316,S>E,
1316,S>>E,
1317,E>>S,
1317,E>S,
1317,S~E,
1317,S>E,
1317,S>>E,
1318,E>>S,
1318,E>S,
1318,S~E,
1318,S>E,
1318,S>>E,
1319,E>>S,
1319,E>S,
1319,S~E,
1319,S>E,
1319,S>>E,
1320,E>>S,
1320,E>S,
1320,S~E,
1320,S>E,
1320,S>>E,
1321,E>>S,
1321,E>S,
1321,S~E,
1321,S>E,
1321,S>>E,
1322,E>>S,
1322,E>S,
1322,S~E,
1322,S>E,
1322,S>>E,
1323,E>>S,
1323,E>S,
1323,S~E,
1323,S>E,
1323,S>>E,
1324,E>>S,
1324,E>S,
1324,S~E,
1324,S>E,
1324,S>>E,
1325,E>>S,
1325,E>S,
1325,S~E,
1325,S>E,
1325,S>>E,
1326,E>>S,
1326,E>S,
1326,S~E,
1326,S>E,
1326,S>>E,
1327,E>>S,
1327,E>S,
1327,S~E,
1327,S>E,
1327,S>>E,
1328,E>>S,
1328,E>S,
1328,S~E,
1328,S>E,
1328,S>>E,
1329,E>>S,
1329,E>S,
1329,S~E,
1329,S>E,
1329,S>>E,
1330,E>>S,
1330,E>S,
1330,S~E,
1330,S>E,
1330,S>>E,
1331,E>>S,
1331,E>S,
1331,S~E,
1331,S>E,
1331,S>>E,
1332,E>>S,
1332,E>S,
1332,S~E,
1332,S>E,
1332,S>>E,
1333,E>>S,
1333,E>S,
1333,S~E,
1333,S>E,
1333,S>>E,
1334,E>>S,
1334,E>S,
1334,S~E,
1334,S>E,
1334,S>>E,
1335,E>>S,
1335,E>S,
1335,S~E,
1335,S>E,
1335,S>>E,
1336,E>>S,
1336,E>S,
1336,S~E,
1336,S>E,
1336,S>>E,
1337,E>>S,
1337,E>S,
1337,S~E,
1337,S>E,
1337,S>>E,
1338,E>>S,
1338,E>S,
1338,S~E,
1338,S>E,
1338,S>>E,
1339,E>>S,
1339,E>S,
1339,S~E,
1339,S>E,
1339,S>>E,
1340,E>>S,
1340,E>S,
1340,S~E,
1340,S>E,
1340,S>>E,
1341,E>>S,
1341,E>S,
1341,S~E,
1341,S>E,
1341,S>>E,
1342,E>>S,
1342,E>S,
1342,S~E,
1342,S>E,
1342,S>>E,
1343,E>>S,
1343,E>S,
1343,S~E,
1343,S>E,
1343,S>>E,
1344,E>>S,
1344,E>S,
1344,S~E,
1344,S>E,
1344,S>>E,
1345,E>>S,
1345,E>S,
1345,S~E,
1345,S>E,
1345,S>>E,
1346,E>>S,
1346,E>S,
1346,S~E,
1346,S>E,
1346,S>>E,
1347,E>>S,
1347,E>S,
1347,S~E,
1347,S>E,
1347,S>>E,
1348,E>>S,
1348,E>S,
1348,S~E,
1348,S>E,
1348,S>>E,
1349,E>>S,
1349,E>S,
1349,S~E,
1349,S>E,
1349,S>>E,
1350,E>>S,
1350,E>S,
1350,S~E,
1350,S>E,
1350,S>>E,
1351,E>>S,
1351,E>S,
1351,S~E,
1351,S>E,
1351,S>>E,
1352,E>>S,
1352,E>S,
1352,S~E,
1352,S>E,
1352,S>>E,
1353,E>>S,
1353,E>S,
1353,S~E,
1353,S>E,
1353,S>>E,
1354,E>>S,
1354,E>S,
1354,S~E,
1354,S>E,
1354,S>>E,
1355,E>>S,
1355,E>S,
1355,S~E,
1355,S>E,
1355,S>>E,
1356,E>>S,
1356,E>S,
1356,S~E,
1356,S>E,
1356,S>>E,
1357,E>>S,
1357,E>S,
1357,S~E,
1357,S>E,
1357,S>>E,
1358,E>>S,
1358,E>S,
1358,S~E,
1358,S>E,
1358,S>>E,
1359,E>>S,
1359,E>S,
1359,S~E,
1359,S>E,
1359,S>>E,
1360,E>>S,
1360,E>S,
1360,S~E,
1360,S>E,
1360,S>>E,
1361,E>>S,
1361,E>S,
1361,S~E,
1361,S>E,
1361,S>>E,
1362,E>>S,
1362,E>S,
1362,S~E,
1362,S>E,
1362,S>>E,
1363,E>>S,
1363,E>S,
1363,S~E,
1363,S>E,
1363,S>>E,
1364,E>>S,
1364,E>S,
1364,S~E,
1364,S>E,
1364,S>>E,
1365,E>>S,
1365,E>S,
1365,S~E,
1365,S>E,
1365,S>>E,
1366,E>>S,
1366,E>S,
1366,S~E,
1366,S>E,
1366,S>>E,
1367,E>>S,
1367,E>S,
1367,S~E,
1367,S>E,
1367,S>>E,
1368,E>>S,
1368,E>S,
1368,S~E,
1368,S>E,
1368,S>>E,
1369,E>>S,
1369,E>S,
1369,S~E,
1369,S>E,
1369,S>>E,
1370,E>>S,
1370,E>S,
1370,S~E,
1370,S>E,
1370,S>>E,
1371,E>>S,
1371,E>S,
1371,S~E,
1371,S>E,
1371,S>>E,
1372,E>>S,
1372,E>S,
1372,S~E,
1372,S>E,
1372,S>>E,
1373,E>>S,
1373,E>S,
1373,S~E,
1373,S>E,
1373,S>>E,
1374,E>>S,
1374,E>S,
1374,S~E,
1374,S>E,
1374,S>>E,
1375,E>>S,
1375,E>S,
1375,S~E,
1375,S>E,
1375,S>>E,
1376,E>>S,
1376,E>S,
1376,S~E,
1376,S>E,
1376,S>>E,
1377,E>>S,
1377,E>S,
1377,S~E,
1377,S>E,
1377,S>>E,
1378,E>>S,
1378,E>S,
1378,S~E,
1378,S>E,
1378,S>>E,
1379,E>>S,
1379,E>S,
1379,S~E,
1379,S>E,
1379,S>>E,
1380,E>>S,
1380,E>S,
1380,S~E,
1380,S>E,
1380,S>>E,
1381,E>>S,
1381,E>S,
1381,S~E,
1381,S>E,
1381,S>>E,
1382,E>>S,
1382,E>S,
1382,S~E,
1382,S>E,
1382,S>>E,
1383,E>>S,
1383,E>S,
1383,S~E,
1383,S>E,
1383,S>>E,
1384,E>>S,
1384,E>S,
1384,S~E,
1384,S>E,
1384,S>>E,
1385,E>>S,
1385,E>S,
1385,S~E,
1385,S>E,
1385,S>>E,
1386,E>>S,
1386,E>S,
1386,S~E,
1386,S>E,
1386,S>>E,
1387,E>>S,
1387,E>S,
1387,S~E,
1387,S>E,
1387,S>>E,
1388,E>>S,
1388,E>S,
1388,S~E,
1388,S>E,
1388,S>>E,
1389,E>>S,
1389,E>S,
1389,S~E,
1389,S>E,
1389,S>>E,
1390,E>>S,
1390,E>S,
1390,S~E,
1390,S>E,
1390,S>>E,
1391,E>>S,
1391,E>S,
1391,S~E,
1391,S>E,
1391,S>>E,
1392,E>>S,
1392,E>S,
1392,S~E,
1392,S>E,
1392,S>>E,
1393,E>>S,
1393,E>S,
1393,S~E,
1393,S>E,
1393,S>>E,
1394,E>>S,
1394,E>S,
1394,S~E,
1394,S>E,
1394,S>>E,
1395,E>>S,
1395,E>S,
1395,S~E,
1395,S>E,
1395,S>>E,
1396,E>>S,
1396,E>S,
1396,S~E,
1396,S>E,
1396,S>>E,
1397,E>>S,
1397,E>S,
1397,S~E,
1397,S>E,
1397,S>>E,
1398,E>>S,
1398,E>S,
1398,S~E,
1398,S>E,
1398,S>>E,
1399,E>>S,
1399,E>S,
1399,S~E,
1399,S>E,
1399,S>>E,
1400,E>>S,
1400,E>S,
1400,S~E,
1400,S>E,
1400,S>>E,
1401,E>>S,
1401,E>S,
1401,S~E,
1401,S>E,
1401,S>>E,
1402,E>>S,
1402,E>S,
1402,S~E,
1402,S>E,
1402,S>>E,
1403,E>>S,
1403,E>S,
1403,S~E,
1403,S>E,
1403,S>>E,
1404,E>>S,
1404,E>S,
1404,S~E,
1404,S>E,
1404,S>>E,
1405,E>>S,
1405,E>S,
1405,S~E,
1405,S>E,
1405,S>>E,
1406,E>>S,
1406,E>S,
1406,S~E,
1406,S>E,
1406,S>>E,
1407,E>>S,
1407,E>S,
1407,S~E,
1407,S>E,
1407,S>>E,
1408,E>>S,
1408,E>S,
1408,S~E,
1408,S>E,
1408,S>>E,
1409,E>>S,
1409,E>S,
1409,S~E,
1409,S>E,
1409,S>>E,
1410,E>>S,
1410,E>S,
1410,S~E,
1410,S>E,
1410,S>>E,
1411,E>>S,
1411,E>S,
1411,S~E,
1411,S>E,
1411,S>>E,
1412,E>>S,
1412,E>S,
1412,S~E,
1412,S>E,
1412,S>>E,
1413,E>>S,
1413,E>S,
1413,S~E,
1413,S>E,
1413,S>>E,
1414,E>>S,
1414,E>S,
1414,S~E,
1414,S>E,
1414,S>>E,
1415,E>>S,
1415,E>S,
1415,S~E,
1415,S>E,
1415,S>>E,
1416,E>>S,
1416,E>S,
1416,S~E,
1416,S>E,
1416,S>>E,
1417,E>>S,
1417,E>S,
1417,S~E,
1417,S>E,
1417,S>>E,
1418,E>>S,
1418,E>S,
1418,S~E,
1418,S>E,
1418,S>>E,
1419,E>>S,
1419,E>S,
1419,S~E,
1419,S>E,
1419,S>>E,
1420,E>>S,
1420,E>S,
1420,S~E,
1420,S>E,
1420,S>>E,
1421,E>>S,
1421,E>S,
1421,S~E,
1421,S>E,
1421,S>>E,
1422,E>>S,
1422,E>S,
1422,S~E,
1422,S>E,
1422,S>>E,
1423,E>>S,
1423,E>S,
1423,S~E,
1423,S>E,
1423,S>>E,
1424,E>>S,
1424,E>S,
1424,S~E,
1424,S>E,
1424,S>>E,
1425,E>>S,
1425,E>S,
1425,S~E,
1425,S>E,
1425,S>>E,
1426,E>>S,
1426,E>S,
1426,S~E,
1426,S>E,
1426,S>>E,
1427,E>>S,
1427,E>S,
1427,S~E,
1427,S>E,
1427,S>>E,
1428,E>>S,
1428,E>S,
1428,S~E,
1428,S>E,
1428,S>>E,
1429,E>>S,
1429,E>S,
1429,S~E,
1429,S>E,
1429,S>>E,
1430,E>>S,
1430,E>S,
1430,S~E,
1430,S>E,
1430,S>>E,
1431,E>>S,
1431,E>S,
1431,S~E,
1431,S>E,
1431,S>>E,
1432,E>>S,
1432,E>S,
1432,S~E,
1432,S>E,
1432,S>>E,
1433,E>>S,
1433,E>S,
1433,S~E,
1433,S>E,
1433,S>>E,
1434,E>>S,
1434,E>S,
1434,S~E,
1434,S>E,
1434,S>>E,
1435,E>>S,
1435,E>S,
1435,S~E,
1435,S>E,
1435,S>>E,
1436,E>>S,
1436,E>S,
1436,S~E,
1436,S>E,
1436,S>>E,
1437,E>>S,
1437,E>S,
1437,S~E,
1437,S>E,
1437,S>>E,
1438,E>>S,
1438,E>S,
1438,S~E,
1438,S>E,
1438,S>>E,
1439,E>>S,
1439,E>S,
1439,S~E,
1439,S>E,
1439,S>>E,
1440,E>>S,
1440,E>S,
1440,S~E,
1440,S>E,
1440,S>>E,
1441,E>>S,
1441,E>S,
1441,S~E,
1441,S>E,
1441,S>>E,
1442,E>>S,
1442,E>S,
1442,S~E,
1442,S>E,
1442,S>>E,
1443,E>>S,
1443,E>S,
1443,S~E,
1443,S>E,
1443,S>>E,
1444,E>>S,
1444,E>S,
1444,S~E,
1444,S>E,
1444,S>>E,
1445,E>>S,
1445,E>S,
1445,S~E,
1445,S>E,
1445,S>>E,
1446,E>>S,
1446,E>S,
1446,S~E,
1446,S>E,
1446,S>>E,
1447,E>>S,
1447,E>S,
1447,S~E,
1447,S>E,
1447,S>>E,
1448,E>>S,
1448,E>S,
1448,S~E,
1448,S>E,
1448,S>>E,
1449,E>>S,
1449,E>S,
1449,S~E,
1449,S>E,
1449,S>>E,
1450,E>>S,
1450,E>S,
1450,S~E,
1450,S>E,
1450,S>>E,
1451,E>>S,
1451,E>S,
1451,S~E,
1451,S>E,
1451,S>>E,
1452,E>>S,
1452,E>S,
1452,S~E,
1452,S>E,
1452,S>>E,
1453,E>>S,
1453,E>S,
1453,S~E,
1453,S>E,
1453,S>>E,
1454,E>>S,
1454,E>S,
1454,S~E,
1454,S>E,
1454,S>>E,
1455,E>>S,
1455,E>S,
1455,S~E,
1455,S>E,
1455,S>>E,
1456,E>>S,
1456,E>S,
1456,S~E,
1456,S>E,
1456,S>>E,
1457,E>>S,
1457,E>S,
1457,S~E,
1457,S>E,
1457,S>>E,
1458,E>>S,
1458,E>S,
1458,S~E,
1458,S>E,
1458,S>>E,
1459,E>>S,
1459,E>S,
1459,S~E,
1459,S>E,
1459,S>>E,
1460,E>>S,
1460,E>S,
1460,S~E,
1460,S>E,
1460,S>>E,
1461,E>>S,
1461,E>S,
1461,S~E,
1461,S>E,
1461,S>>E,
1462,E>>S,
1462,E>S,
1462,S~E,
1462,S>E,
1462,S>>E,
1463,E>>S,
1463,E>S,
1463,S~E,
1463,S>E,
1463,S>>E,
1464,E>>S,
1464,E>S,
1464,S~E,
1464,S>E,
1464,S>>E,
1465,E>>S,
1465,E>S,
1465,S~E,
1465,S>E,
1465,S>>E,
1466,E>>S,
1466,E>S,
1466,S~E,
1466,S>E,
1466,S>>E,
1467,E>>S,
1467,E>S,
1467,S~E,
1467,S>E,
1467,S>>E,
1468,E>>S,
1468,E>S,
1468,S~E,
1468,S>E,
1468,S>>E,
1469,E>>S,
1469,E>S,
1469,S~E,
1469,S>E,
1469,S>>E,
1470,E>>S,
1470,E>S,
1470,S~E,
1470,S>E,
1470,S>>E,
1471,E>>S,
1471,E>S,
1471,S~E,
1471,S>E,
1471,S>>E,
1472,E>>S,
1472,E>S,
1472,S~E,
1472,S>E,
1472,S>>E,
1473,E>>S,
1473,E>S,
1473,S~E,
1473,S>E,
1473,S>>E,
1474,E>>S,
1474,E>S,
1474,S~E,
1474,S>E,
1474,S>>E,
1475,E>>S,
1475,E>S,
1475,S~E,
1475,S>E,
1475,S>>E,
1476,E>>S,
1476,E>S,
1476,S~E,
1476,S>E,
1476,S>>E,
1477,E>>S,
1477,E>S,
1477,S~E,
1477,S>E,
1477,S>>E,
1478,E>>S,
1478,E>S,
1478,S~E,
1478,S>E,
1478,S>>E,
1479,E>>S,
1479,E>S,
1479,S~E,
1479,S>E,
1479,S>>E,
1480,E>>S,
1480,E>S,
1480,S~E,
1480,S>E,
1480,S>>E,
1481,E>>S,
1481,E>S,
1481,S~E,
1481,S>E,
1481,S>>E,
1482,E>>S,
1482,E>S,
1482,S~E,
1482,S>E,
1482,S>>E,
1483,E>>S,
1483,E>S,
1483,S~E,
1483,S>E,
1483,S>>E,
1484,E>>S,
1484,E>S,
1484,S~E,
1484,S>E,
1484,S>>E,
1485,E>>S,
1485,E>S,
1485,S~E,
1485,S>E,
1485,S>>E,
1486,E>>S,
1486,E>S,
1486,S~E,
1486,S>E,
1486,S>>E,
1487,E>>S,
1487,E>S,
1487,S~E,
1487,S>E,
1487,S>>E,
1488,E>>S,
1488,E>S,
1488,S~E,
1488,S>E,
1488,S>>E,
1489,E>>S,
1489,E>S,
1489,S~E,
1489,S>E,
1489,S>>E,
1490,E>>S,
1490,E>S,
1490,S~E,
1490,S>E,
1490,S>>E,
1491,E>>S,
1491,E>S,
1491,S~E,
1491,S>E,
1491,S>>E,
1492,E>>S,
1492,E>S,
1492,S~E,
1492,S>E,
1492,S>>E,
1493,E>>S,
1493,E>S,
1493,S~E,
1493,S>E,
1493,S>>E,
1494,E>>S,
1494,E>S,
1494,S~E,
1494,S>E,
1494,S>>E,
1495,E>>S,
1495,E>S,
1495,S~E,
1495,S>E,
1495,S>>E,
1496,E>>S,
1496,E>S,
1496,S~E,
1496,S>E,
1496,S>>E,
1497,E>>S,
1497,E>S,
1497,S~E,
1497,S>E,
1497,S>>E,
1498,E>>S,
1498,E>S,
1498,S~E,
1498,S>E,
1498,S>>E,
1499,E>>S,
1499,E>S,
1499,S~E,
1499,S>E,
1499,S>>E,
1500,E>>S,
1500,E>S,
1500,S~E,
1500,S>E,
1500,S>>E,
1501,E>>S,
1501,E>S,
1501,S~E,
1501,S>E,
1501,S>>E,
1502,E>>S,
1502,E>S,
1502,S~E,
1502,S>E,
1502,S>>E,
1503,E>>S,
1503,E>S,
1503,S~E,
1503,S>E,
1503,S>>E,
1504,E>>S,
1504,E>S,
1504,S~E,
1504,S>E,
1504,S>>E,
1505,E>>S,
1505,E>S,
1505,S~E,
1505,S>E,
1505,S>>E,
1506,E>>S,
1506,E>S,
1506,S~E,
1506,S>E,
1506,S>>E,
1507,E>>S,
1507,E>S,
1507,S~E,
1507,S>E,
1507,S>>E,
1508,E>>S,
1508,E>S,
1508,S~E,
1508,S>E,
1508,S>>E,
1509,E>>S,
1509,E>S,
1509,S~E,
1509,S>E,
1509,S>>E,
1510,E>>S,
1510,E>S,
1510,S~E,
1510,S>E,
1510,S>>E,
1511,E>>S,
1511,E>S,
1511,S~E,
1511,S>E,
1511,S>>E,
1512,E>>S,
1512,E>S,
1512,S~E,
1512,S>E,
1512,S>>E,
1513,E>>S,
1513,E>S,
1513,S~E,
1513,S>E,
1513,S>>E,
1514,E>>S,
1514,E>S,
1514,S~E,
1514,S>E,
1514,S>>E,
1515,E>>S,
1515,E>S,
1515,S~E,
1515,S>E,
1515,S>>E,
1516,E>>S,
1516,E>S,
1516,S~E,
1516,S>E,
1516,S>>E,
1517,E>>S,
1517,E>S,
1517,S~E,
1517,S>E,
1517,S>>E,
1518,E>>S,
1518,E>S,
1518,S~E,
1518,S>E,
1518,S>>E,
1519,E>>S,
1519,E>S,
1519,S~E,
1519,S>E,
1519,S>>E,
1520,E>>S,
1520,E>S,
1520,S~E,
1520,S>E,
1520,S>>E,
1521,E>>S,
1521,E>S,
1521,S~E,
1521,S>E,
1521,S>>E,
1522,E>>S,
1522,E>S,
1522,S~E,
1522,S>E,
1522,S>>E,
1523,E>>S,
1523,E>S,
1523,S~E,
1523,S>E,
1523,S>>E,
1524,E>>S,
1524,E>S,
1524,S~E,
1524,S>E,
1524,S>>E,
1525,E>>S,
1525,E>S,
1525,S~E,
1525,S>E,
1525,S>>E,
1526,E>>S,
1526,E>S,
1526,S~E,
1526,S>E,
1526,S>>E,
1527,E>>S,
1527,E>S,
1527,S~E,
1527,S>E,
1527,S>>E,
1528,E>>S,
1528,E>S,
1528,S~E,
1528,S>E,
1528,S>>E,
1529,E>>S,
1529,E>S,
1529,S~E,
1529,S>E,
1529,S>>E,
1530,E>>S,
1530,E>S,
1530,S~E,
1530,S>E,
1530,S>>E,
1531,E>>S,
1531,E>S,
1531,S~E,
1531,S>E,
1531,S>>E,
1532,E>>S,
1532,E>S,
1532,S~E,
1532,S>E,
1532,S>>E,
1533,E>>S,
1533,E>S,
1533,S~E,
1533,S>E,
1533,S>>E,
1534,E>>S,
1534,E>S,
1534,S~E,
1534,S>E,
1534,S>>E,
1535,E>>S,
1535,E>S,
1535,S~E,
1535,S>E,
1535,S>>E,
1536,E>>S,
1536,E>S,
1536,S~E,
1536,S>E,
1536,S>>E,
1537,E>>S,
1537,E>S,
1537,S~E,
1537,S>E,
1537,S>>E,
1538,E>>S,
1538,E>S,
1538,S~E,
1538,S>E,
1538,S>>E,
1539,E>>S,
1539,E>S,
1539,S~E,
1539,S>E,
1539,S>>E,
1540,E>>S,
1540,E>S,
1540,S~E,
1540,S>E,
1540,S>>E,
1541,E>>S,
1541,E>S,
1541,S~E,
1541,S>E,
1541,S>>E,
1542,E>>S,
1542,E>S,
1542,S~E,
1542,S>E,
1542,S>>E,
1543,E>>S,
1543,E>S,
1543,S~E,
1543,S>E,
1543,S>>E,
1544,E>>S,
1544,E>S,
1544,S~E,
1544,S>E,
1544,S>>E,
1545,E>>S,
1545,E>S,
1545,S~E,
1545,S>E,
1545,S>>E,
1546,E>>S,
1546,E>S,
1546,S~E,
1546,S>E,
1546,S>>E,
1547,E>>S,
1547,E>S,
1547,S~E,
1547,S>E,
1547,S>>E,
1548,E>>S,
1548,E>S,
1548,S~E,
1548,S>E,
1548,S>>E,
1549,E>>S,
1549,E>S,
1549,S~E,
1549,S>E,
1549,S>>E,
1550,E>>S,
1550,E>S,
1550,S~E,
1550,S>E,
1550,S>>E,
1551,E>>S,
1551,E>S,
1551,S~E,
1551,S>E,
1551,S>>E,
1552,E>>S,
1552,E>S,
1552,S~E,
1552,S>E,
1552,S>>E,
1553,E>>S,
1553,E>S,
1553,S~E,
1553,S>E,
1553,S>>E,
1554,E>>S,
1554,E>S,
1554,S~E,
1554,S>E,
1554,S>>E,
1555,E>>S,
1555,E>S,
1555,S~E,
1555,S>E,
1555,S>>E,
1556,E>>S,
1556,E>S,
1556,S~E,
1556,S>E,
1556,S>>E,
1557,E>>S,
1557,E>S,
1557,S~E,
1557,S>E,
1557,S>>E,
1558,E>>S,
1558,E>S,
1558,S~E,
1558,S>E,
1558,S>>E,
1559,E>>S,
1559,E>S,
1559,S~E,
1559,S>E,
1559,S>>E,
1560,E>>S,
1560,E>S,
1560,S~E,
1560,S>E,
1560,S>>E,
1561,E>>S,
1561,E>S,
1561,S~E,
1561,S>E,
1561,S>>E,
1562,E>>S,
1562,E>S,
1562,S~E,
1562,S>E,
1562,S>>E,
1563,E>>S,
1563,E>S,
1563,S~E,
1563,S>E,
1563,S>>E,
1564,E>>S,
1564,E>S,
1564,S~E,
1564,S>E,
1564,S>>E,
1565,E>>S,
1565,E>S,
1565,S~E,
1565,S>E,
1565,S>>E,
1566,E>>S,
1566,E>S,
1566,S~E,
1566,S>E,
1566,S>>E,
1567,E>>S,
1567,E>S,
1567,S~E,
1567,S>E,
1567,S>>E,
1568,E>>S,
1568,E>S,
1568,S~E,
1568,S>E,
1568,S>>E,
1569,E>>S,
1569,E>S,
1569,S~E,
1569,S>E,
1569,S>>E,
1570,E>>S,
1570,E>S,
1570,S~E,
1570,S>E,
1570,S>>E,
1571,E>>S,
1571,E>S,
1571,S~E,
1571,S>E,
1571,S>>E,
1572,E>>S,
1572,E>S,
1572,S~E,
1572,S>E,
1572,S>>E,
1573,E>>S,
1573,E>S,
1573,S~E,
1573,S>E,
1573,S>>E,
1574,E>>S,
1574,E>S,
1574,S~E,
1574,S>E,
1574,S>>E,
1575,E>>S,
1575,E>S,
1575,S~E,
1575,S>E,
1575,S>>E,
1576,E>>S,
1576,E>S,
1576,S~E,
1576,S>E,
1576,S>>E,
1577,E>>S,
1577,E>S,
1577,S~E,
1577,S>E,
1577,S>>E,
1578,E>>S,
1578,E>S,
1578,S~E,
1578,S>E,
1578,S>>E,
1579,E>>S,
1579,E>S,
1579,S~E,
1579,S>E,
1579,S>>E,
1580,E>>S,
1580,E>S,
1580,S~E,
1580,S>E,
1580,S>>E,
1581,E>>S,
1581,E>S,
1581,S~E,
1581,S>E,
1581,S>>E,
1582,E>>S,
1582,E>S,
1582,S~E,
1582,S>E,
1582,S>>E,
1583,E>>S,
1583,E>S,
1583,S~E,
1583,S>E,
1583,S>>E,
1584,E>>S,
1584,E>S,
1584,S~E,
1584,S>E,
1584,S>>E,
1585,E>>S,
1585,E>S,
1585,S~E,
1585,S>E,
1585,S>>E,
1586,E>>S,
1586,E>S,
1586,S~E,
1586,S>E,
1586,S>>E,
1587,E>>S,
1587,E>S,
1587,S~E,
1587,S>E,
1587,S>>E,
1588,E>>S,
1588,E>S,
1588,S~E,
1588,S>E,
1588,S>>E,
1589,E>>S,
1589,E>S,
1589,S~E,
1589,S>E,
1589,S>>E,
1590,E>>S,
1590,E>S,
1590,S~E,
1590,S>E,
1590,S>>E,
1591,E>>S,
1591,E>S,
1591,S~E,
1591,S>E,
1591,S>>E,
1592,E>>S,
1592,E>S,
1592,S~E,
1592,S>E,
1592,S>>E,
1593,E>>S,
1593,E>S,
1593,S~E,
1593,S>E,
1593,S>>E,
1594,E>>S,
1594,E>S,
1594,S~E,
1594,S>E,
1594,S>>E,
1595,E>>S,
1595,E>S,
1595,S~E,
1595,S>E,
1595,S>>E,
1596,E>>S,
1596,E>S,
1596,S~E,
1596,S>E,
1596,S>>E,
1597,E>>S,
1597,E>S,
1597,S~E,
1597,S>E,
1597,S>>E,
1598,E>>S,
1598,E>S,
1598,S~E,
1598,S>E,
1598,S>>E,
1599,E>>S,
1599,E>S,
1599,S~E,
1599,S>E,
1599,S>>E,
1600,E>>S,
1600,E>S,
1600,S~E,
1600,S>E,
1600,S>>E,
1601,E>>S,
1601,E>S,
1601,S~E,
1601,S>E,
1601,S>>E,
1602,E>>S,
1602,E>S,
1602,S~E,
1602,S>E,
1602,S>>E,
1603,E>>S,
1603,E>S,
1603,S~E,
1603,S>E,
1603,S>>E,
1604,E>>S,
1604,E>S,
1604,S~E,
1604,S>E,
1604,S>>E,
1605,E>>S,
1605,E>S,
1605,S~E,
1605,S>E,
1605,S>>E,
1606,E>>S,
1606,E>S,
1606,S~E,
1606,S>E,
1606,S>>E,
1607,E>>S,
1607,E>S,
1607,S~E,
1607,S>E,
1607,S>>E,
1608,E>>S,
1608,E>S,
1608,S~E,
1608,S>E,
1608,S>>E,
1609,E>>S,
1609,E>S,
1609,S~E,
1609,S>E,
1609,S>>E,
1610,E>>S,
1610,E>S,
1610,S~E,
1610,S>E,
1610,S>>E,
1611,E>>S,
1611,E>S,
1611,S~E,
1611,S>E,
1611,S>>E,
1612,E>>S,
1612,E>S,
1612,S~E,
1612,S>E,
1612,S>>E,
1613,E>>S,
1613,E>S,
1613,S~E,
1613,S>E,
1613,S>>E,
1614,E>>S,
1614,E>S,
1614,S~E,
1614,S>E,
1614,S>>E,
1615,E>>S,
1615,E>S,
1615,S~E,
1615,S>E,
1615,S>>E,
1616,E>>S,
1616,E>S,
1616,S~E,
1616,S>E,
1616,S>>E,
1617,E>>S,
1617,E>S,
1617,S~E,
1617,S>E,
1617,S>>E,
1618,E>>S,
1618,E>S,
1618,S~E,
1618,S>E,
1618,S>>E,
1619,E>>S,
1619,E>S,
1619,S~E,
1619,S>E,
1619,S>>E,
1620,E>>S,
1620,E>S,
1620,S~E,
1620,S>E,
1620,S>>E,
1621,E>>S,
1621,E>S,
1621,S~E,
1621,S>E,
1621,S>>E,
1622,E>>S,
1622,E>S,
1622,S~E,
1622,S>E,
1622,S>>E,
1623,E>>S,
1623,E>S,
1623,S~E,
1623,S>E,
1623,S>>E,
1624,E>>S,
1624,E>S,
1624,S~E,
1624,S>E,
1624,S>>E,
1625,E>>S,
1625,E>S,
1625,S~E,
1625,S>E,
1625,S>>E,
1626,E>>S,
1626,E>S,
1626,S~E,
1626,S>E,
1626,S>>E,
1627,E>>S,
1627,E>S,
1627,S~E,
1627,S>E,
1627,S>>E,
1628,E>>S,
1628,E>S,
1628,S~E,
1628,S>E,
1628,S>>E,
1629,E>>S,
1629,E>S,
1629,S~E,
1629,S>E,
1629,S>>E,
1630,E>>S,
1630,E>S,
1630,S~E,
1630,S>E,
1630,S>>E,
1631,E>>S,
1631,E>S,
1631,S~E,
1631,S>E,
1631,S>>E,
1632,E>>S,
1632,E>S,
1632,S~E,
1632,S>E,
1632,S>>E,
1633,E>>S,
1633,E>S,
1633,S~E,
1633,S>E,
1633,S>>E,
1634,E>>S,
1634,E>S,
1634,S~E,
1634,S>E,
1634,S>>E,
1635,E>>S,
1635,E>S,
1635,S~E,
1635,S>E,
1635,S>>E,
1636,E>>S,
1636,E>S,
1636,S~E,
1636,S>E,
1636,S>>E,
1637,E>>S,
1637,E>S,
1637,S~E,
1637,S>E,
1637,S>>E,
1638,E>>S,
1638,E>S,
1638,S~E,
1638,S>E,
1638,S>>E,
1639,E>>S,
1639,E>S,
1639,S~E,
1639,S>E,
1639,S>>E,
1640,E>>S,
1640,E>S,
1640,S~E,
1640,S>E,
1640,S>>E,
1641,E>>S,
1641,E>S,
1641,S~E,
1641,S>E,
1641,S>>E,
1642,E>>S,
1642,E>S,
1642,S~E,
1642,S>E,
1642,S>>E,
1643,E>>S,
1643,E>S,
1643,S~E,
1643,S>E,
1643,S>>E,
1644,E>>S,
1644,E>S,
1644,S~E,
1644,S>E,
1644,S>>E,
1645,E>>S,
1645,E>S,
1645,S~E,
1645,S>E,
1645,S>>E,
1646,E>>S,
1646,E>S,
1646,S~E,
1646,S>E,
1646,S>>E,
1647,E>>S,
1647,E>S,
1647,S~E,
1647,S>E,
1647,S>>E,
1648,E>>S,
1648,E>S,
1648,S~E,
1648,S>E,
1648,S>>E,
1649,E>>S,
1649,E>S,
1649,S~E,
1649,S>E,
1649,S>>E,
1650,E>>S,
1650,E>S,
1650,S~E,
1650,S>E,
1650,S>>E,
1651,E>>S,
1651,E>S,
1651,S~E,
1651,S>E,
1651,S>>E,
1652,E>>S,
1652,E>S,
1652,S~E,
1652,S>E,
1652,S>>E,
1653,E>>S,
1653,E>S,
1653,S~E,
1653,S>E,
1653,S>>E,
1654,E>>S,
1654,E>S,
1654,S~E,
1654,S>E,
1654,S>>E,
1655,E>>S,
1655,E>S,
1655,S~E,
1655,S>E,
1655,S>>E,
1656,E>>S,
1656,E>S,
1656,S~E,
1656,S>E,
1656,S>>E,
1657,E>>S,
1657,E>S,
1657,S~E,
1657,S>E,
1657,S>>E,
1658,E>>S,
1658,E>S,
1658,S~E,
1658,S>E,
1658,S>>E,
1659,E>>S,
1659,E>S,
1659,S~E,
1659,S>E,
1659,S>>E,
1660,E>>S,
1660,E>S,
1660,S~E,
1660,S>E,
1660,S>>E,
1661,E>>S,
1661,E>S,
1661,S~E,
1661,S>E,
1661,S>>E,
1662,E>>S,
1662,E>S,
1662,S~E,
1662,S>E,
1662,S>>E,
1663,E>>S,
1663,E>S,
1663,S~E,
1663,S>E,
1663,S>>E,
1664,E>>S,
1664,E>S,
1664,S~E,
1664,S>E,
1664,S>>E,
1665,E>>S,
1665,E>S,
1665,S~E,
1665,S>E,
1665,S>>E,
1666,E>>S,
1666,E>S,
1666,S~E,
1666,S>E,
1666,S>>E,
1667,E>>S,
1667,E>S,
1667,S~E,
1667,S>E,
1667,S>>E,
1668,E>>S,
1668,E>S,
1668,S~E,
1668,S>E,
1668,S>>E,
1669,E>>S,
1669,E>S,
1669,S~E,
1669,S>E,
1669,S>>E,
1670,E>>S,
1670,E>S,
1670,S~E,
1670,S>E,
1670,S>>E,
1671,E>>S,
1671,E>S,
1671,S~E,
1671,S>E,
1671,S>>E,
1672,E>>S,
1672,E>S,
1672,S~E,
1672,S>E,
1672,S>>E,
1673,E>>S,
1673,E>S,
1673,S~E,
1673,S>E,
1673,S>>E,
1674,E>>S,
1674,E>S,
1674,S~E,
1674,S>E,
1674,S>>E,
1675,E>>S,
1675,E>S,
1675,S~E,
1675,S>E,
1675,S>>E,
1676,E>>S,
1676,E>S,
1676,S~E,
1676,S>E,
1676,S>>E,
1677,E>>S,
1677,E>S,
1677,S~E,
1677,S>E,
1677,S>>E,
1678,E>>S,
1678,E>S,
1678,S~E,
1678,S>E,
1678,S>>E,
1679,E>>S,
1679,E>S,
1679,S~E,
1679,S>E,
1679,S>>E,
1680,E>>S,
1680,E>S,
1680,S~E,
1680,S>E,
1680,S>>E,
1681,E>>S,
1681,E>S,
1681,S~E,
1681,S>E,
1681,S>>E,
1682,E>>S,
1682,E>S,
1682,S~E,
1682,S>E,
1682,S>>E,
1683,E>>S,
1683,E>S,
1683,S~E,
1683,S>E,
1683,S>>E,
1684,E>>S,
1684,E>S,
1684,S~E,
1684,S>E,
1684,S>>E,
1685,E>>S,
1685,E>S,
1685,S~E,
1685,S>E,
1685,S>>E,
1686,E>>S,
1686,E>S,
1686,S~E,
1686,S>E,
1686,S>>E,
1687,E>>S,
1687,E>S,
1687,S~E,
1687,S>E,
1687,S>>E,
1688,E>>S,
1688,E>S,
1688,S~E,
1688,S>E,
1688,S>>E,
1689,E>>S,
1689,E>S,
1689,S~E,
1689,S>E,
1689,S>>E,
1690,E>>S,
1690,E>S,
1690,S~E,
1690,S>E,
1690,S>>E,
1691,E>>S,
1691,E>S,
1691,S~E,
1691,S>E,
1691,S>>E,
1692,E>>S,
1692,E>S,
1692,S~E,
1692,S>E,
1692,S>>E,
1693,E>>S,
1693,E>S,
1693,S~E,
1693,S>E,
1693,S>>E,
1694,E>>S,
1694,E>S,
1694,S~E,
1694,S>E,
1694,S>>E,
1695,E>>S,
1695,E>S,
1695,S~E,
1695,S>E,
1695,S>>E,
1696,E>>S,
1696,E>S,
1696,S~E,
1696,S>E,
1696,S>>E,
1697,E>>S,
1697,E>S,
1697,S~E,
1697,S>E,
1697,S>>E,
1698,E>>S,
1698,E>S,
1698,S~E,
1698,S>E,
1698,S>>E,
1699,E>>S,
1699,E>S,
1699,S~E,
1699,S>E,
1699,S>>E,
1700,E>>S,
1700,E>S,
1700,S~E,
1700,S>E,
1700,S>>E,
1701,E>>S,
1701,E>S,
1701,S~E,
1701,S>E,
1701,S>>E,
1702,E>>S,
1702,E>S,
1702,S~E,
1702,S>E,
1702,S>>E,
1703,E>>S,
1703,E>S,
1703,S~E,
1703,S>E,
1703,S>>E,
1704,E>>S,
1704,E>S,
1704,S~E,
1704,S>E,
1704,S>>E,
1705,E>>S,
1705,E>S,
1705,S~E,
1705,S>E,
1705,S>>E,
1706,E>>S,
1706,E>S,
1706,S~E,
1706,S>E,
1706,S>>E,
1707,E>>S,
1707,E>S,
1707,S~E,
1707,S>E,
1707,S>>E,
1708,E>>S,
1708,E>S,
1708,S~E,
1708,S>E,
1708,S>>E,
1709,E>>S,
1709,E>S,
1709,S~E,
1709,S>E,
1709,S>>E,
1710,E>>S,
1710,E>S,
1710,S~E,
1710,S>E,
1710,S>>E,
1711,E>>S,
1711,E>S,
1711,S~E,
1711,S>E,
1711,S>>E,
1712,E>>S,
1712,E>S,
1712,S~E,
1712,S>E,
1712,S>>E,
1713,E>>S,
1713,E>S,
1713,S~E,
1713,S>E,
1713,S>>E,
1714,E>>S,
1714,E>S,
1714,S~E,
1714,S>E,
1714,S>>E,
1715,E>>S,
1715,E>S,
1715,S~E,
1715,S>E,
1715,S>>E,
1716,E>>S,
1716,E>S,
1716,S~E,
1716,S>E,
1716,S>>E,
1717,E>>S,
1717,E>S,
1717,S~E,
1717,S>E,
1717,S>>E,
1718,E>>S,
1718,E>S,
1718,S~E,
1718,S>E,
1718,S>>E,
1719,E>>S,
1719,E>S,
1719,S~E,
1719,S>E,
1719,S>>E,
1720,E>>S,
1720,E>S,
1720,S~E,
1720,S>E,
1720,S>>E,
1721,E>>S,
1721,E>S,
1721,S~E,
1721,S>E,
1721,S>>E,
1722,E>>S,
1722,E>S,
1722,S~E,
1722,S>E,
1722,S>>E,
1723,E>>S,
1723,E>S,
1723,S~E,
1723,S>E,
1723,S>>E,
1724,E>>S,
1724,E>S,
1724,S~E,
1724,S>E,
1724,S>>E,
1725,E>>S,
1725,E>S,
1725,S~E,
1725,S>E,
1725,S>>E,
1726,E>>S,
1726,E>S,
1726,S~E,
1726,S>E,
1726,S>>E,
1727,E>>S,
1727,E>S,
1727,S~E,
1727,S>E,
1727,S>>E,
1728,E>>S,
1728,E>S,
1728,S~E,
1728,S>E,
1728,S>>E,
1729,E>>S,
1729,E>S,
1729,S~E,
1729,S>E,
1729,S>>E,
1730,E>>S,
1730,E>S,
1730,S~E,
1730,S>E,
1730,S>>E,
1731,E>>S,
1731,E>S,
1731,S~E,
1731,S>E,
1731,S>>E,
1732,E>>S,
1732,E>S,
1732,S~E,
1732,S>E,
1732,S>>E,
1733,E>>S,
1733,E>S,
1733,S~E,
1733,S>E,
1733,S>>E,
1734,E>>S,
1734,E>S,
1734,S~E,
1734,S>E,
1734,S>>E,
1735,E>>S,
1735,E>S,
1735,S~E,
1735,S>E,
1735,S>>E,
1736,E>>S,
1736,E>S,
1736,S~E,
1736,S>E,
1736,S>>E,
1737,E>>S,
1737,E>S,
1737,S~E,
1737,S>E,
1737,S>>E,
1738,E>>S,
1738,E>S,
1738,S~E,
1738,S>E,
1738,S>>E,
1739,E>>S,
1739,E>S,
1739,S~E,
1739,S>E,
1739,S>>E,
1740,E>>S,
1740,E>S,
1740,S~E,
1740,S>E,
1740,S>>E,
1741,E>>S,
1741,E>S,
1741,S~E,
1741,S>E,
1741,S>>E,
1742,E>>S,
1742,E>S,
1742,S~E,
1742,S>E,
1742,S>>E,
1743,E>>S,
1743,E>S,
1743,S~E,
1743,S>E,
1743,S>>E,
1744,E>>S,
1744,E>S,
1744,S~E,
1744,S>E,
1744,S>>E,
1745,E>>S,
1745,E>S,
1745,S~E,
1745,S>E,
1745,S>>E,
1746,E>>S,
1746,E>S,
1746,S~E,
1746,S>E,
1746,S>>E,
1747,E>>S,
1747,E>S,
1747,S~E,
1747,S>E,
1747,S>>E,
1748,E>>S,
1748,E>S,
1748,S~E,
1748,S>E,
1748,S>>E,
1749,E>>S,
1749,E>S,
1749,S~E,
1749,S>E,
1749,S>>E,
1750,E>>S,
1750,E>S,
1750,S~E,
1750,S>E,
1750,S>>E,
1751,E>>S,
1751,E>S,
1751,S~E,
1751,S>E,
1751,S>>E,
1752,E>>S,
1752,E>S,
1752,S~E,
1752,S>E,
1752,S>>E,
1753,E>>S,
1753,E>S,
1753,S~E,
1753,S>E,
1753,S>>E,
1754,E>>S,
1754,E>S,
1754,S~E,
1754,S>E,
1754,S>>E,
1755,E>>S,
1755,E>S,
1755,S~E,
1755,S>E,
1755,S>>E,
1756,E>>S,
1756,E>S,
1756,S~E,
1756,S>E,
1756,S>>E,
1757,E>>S,
1757,E>S,
1757,S~E,
1757,S>E,
1757,S>>E,
1758,E>>S,
1758,E>S,
1758,S~E,
1758,S>E,
1758,S>>E,
1759,E>>S,
1759,E>S,
1759,S~E,
1759,S>E,
1759,S>>E,
1760,E>>S,
1760,E>S,
1760,S~E,
1760,S>E,
1760,S>>E,
1761,E>>S,
1761,E>S,
1761,S~E,
1761,S>E,
1761,S>>E,
1762,E>>S,
1762,E>S,
1762,S~E,
1762,S>E,
1762,S>>E,
1763,E>>S,
1763,E>S,
1763,S~E,
1763,S>E,
1763,S>>E,
1764,E>>S,
1764,E>S,
1764,S~E,
1764,S>E,
1764,S>>E,
1765,E>>S,
1765,E>S,
1765,S~E,
1765,S>E,
1765,S>>E,
1766,E>>S,
1766,E>S,
1766,S~E,
1766,S>E,
1766,S>>E,
1767,E>>S,
1767,E>S,
1767,S~E,
1767,S>E,
1767,S>>E,
1768,E>>S,
1768,E>S,
1768,S~E,
1768,S>E,
1768,S>>E,
1769,E>>S,
1769,E>S,
1769,S~E,
1769,S>E,
1769,S>>E,
1770,E>>S,
1770,E>S,
1770,S~E,
1770,S>E,
1770,S>>E,
1771,E>>S,
1771,E>S,
1771,S~E,
1771,S>E,
1771,S>>E,
1772,E>>S,
1772,E>S,
1772,S~E,
1772,S>E,
1772,S>>E,
1773,E>>S,
1773,E>S,
1773,S~E,
1773,S>E,
1773,S>>E,
1774,E>>S,
1774,E>S,
1774,S~E,
1774,S>E,
1774,S>>E,
1775,E>>S,
1775,E>S,
1775,S~E,
1775,S>E,
1775,S>>E,
1776,E>>S,
1776,E>S,
1776,S~E,
1776,S>E,
1776,S>>E,
1777,E>>S,
1777,E>S,
1777,S~E,
1777,S>E,
1777,S>>E,
1778,E>>S,
1778,E>S,
1778,S~E,
1778,S>E,
1778,S>>E,
1779,E>>S,
1779,E>S,
1779,S~E,
1779,S>E,
1779,S>>E,
1780,E>>S,
1780,E>S,
1780,S~E,
1780,S>E,
1780,S>>E,
1781,E>>S,
1781,E>S,
1781,S~E,
1781,S>E,
1781,S>>E,
1782,E>>S,
1782,E>S,
1782,S~E,
1782,S>E,
1782,S>>E,
1783,E>>S,
1783,E>S,
1783,S~E,
1783,S>E,
1783,S>>E,
1784,E>>S,
1784,E>S,
1784,S~E,
1784,S>E,
1784,S>>E,
1785,E>>S,
1785,E>S,
1785,S~E,
1785,S>E,
1785,S>>E,
1786,E>>S,
1786,E>S,
1786,S~E,
1786,S>E,
1786,S>>E,
1787,E>>S,
1787,E>S,
1787,S~E,
1787,S>E,
1787,S>>E,
1788,E>>S,
1788,E>S,
1788,S~E,
1788,S>E,
1788,S>>E,
1789,E>>S,
1789,E>S,
1789,S~E,
1789,S>E,
1789,S>>E,
1790,E>>S,
1790,E>S,
1790,S~E,
1790,S>E,
1790,S>>E,
1791,E>>S,
1791,E>S,
1791,S~E,
1791,S>E,
1791,S>>E,
1792,E>>S,
1792,E>S,
1792,S~E,
1792,S>E,
1792,S>>E,
1793,E>>S,
1793,E>S,
1793,S~E,
1793,S>E,
1793,S>>E,
1794,E>>S,
1794,E>S,
1794,S~E,
1794,S>E,
1794,S>>E,
1795,E>>S,
1795,E>S,
1795,S~E,
1795,S>E,
1795,S>>E,
1796,E>>S,
1796,E>S,
1796,S~E,
1796,S>E,
1796,S>>E,
1797,E>>S,
1797,E>S,
1797,S~E,
1797,S>E,
1797,S>>E,
1798,E>>S,
1798,E>S,
1798,S~E,
1798,S>E,
1798,S>>E,
1799,E>>S,
1799,E>S,
1799,S~E,
1799,S>E,
1799,S>>E,
1800,E>>S,
1800,E>S,
1800,S~E,
1800,S>E,
1800,S>>E,
1801,E>>S,
1801,E>S,
1801,S~E,
1801,S>E,
1801,S>>E,
1802,E>>S,
1802,E>S,
1802,S~E,
1802,S>E,
1802,S>>E,
1803,E>>S,
1803,E>S,
1803,S~E,
1803,S>E,
1803,S>>E,
1804,E>>S,
1804,E>S,
1804,S~E,
1804,S>E,
1804,S>>E,
1805,E>>S,
1805,E>S,
1805,S~E,
1805,S>E,
1805,S>>E,
1806,E>>S,
1806,E>S,
1806,S~E,
1806,S>E,
1806,S>>E,
1807,E>>S,
1807,E>S,
1807,S~E,
1807,S>E,
1807,S>>E,
1808,E>>S,
1808,E>S,
1808,S~E,
1808,S>E,
1808,S>>E,
1809,E>>S,
1809,E>S,
1809,S~E,
1809,S>E,
1809,S>>E,
1810,E>>S,
1810,E>S,
1810,S~E,
1810,S>E,
1810,S>>E,
1811,E>>S,
1811,E>S,
1811,S~E,
1811,S>E,
1811,S>>E,
1812,E>>S,
1812,E>S,
1812,S~E,
1812,S>E,
1812,S>>E,
1813,E>>S,
1813,E>S,
1813,S~E,
1813,S>E,
1813,S>>E,
1814,E>>S,
1814,E>S,
1814,S~E,
1814,S>E,
1814,S>>E,
1815,E>>S,
1815,E>S,
1815,S~E,
1815,S>E,
1815,S>>E,
1816,E>>S,
1816,E>S,
1816,S~E,
1816,S>E,
1816,S>>E,
1817,E>>S,
1817,E>S,
1817,S~E,
1817,S>E,
1817,S>>E,
1818,E>>S,
1818,E>S,
1818,S~E,
1818,S>E,
1818,S>>E,
1819,E>>S,
1819,E>S,
1819,S~E,
1819,S>E,
1819,S>>E,
1820,E>>S,
1820,E>S,
1820,S~E,
1820,S>E,
1820,S>>E,
1821,E>>S,
1821,E>S,
1821,S~E,
1821,S>E,
1821,S>>E,
1822,E>>S,
1822,E>S,
1822,S~E,
1822,S>E,
1822,S>>E,
1823,E>>S,
1823,E>S,
1823,S~E,
1823,S>E,
1823,S>>E,
1824,E>>S,
1824,E>S,
1824,S~E,
1824,S>E,
1824,S>>E,
1825,E>>S,
1825,E>S,
1825,S~E,
1825,S>E,
1825,S>>E,
1826,E>>S,
1826,E>S,
1826,S~E,
1826,S>E,
1826,S>>E,
1827,E>>S,
1827,E>S,
1827,S~E,
1827,S>E,
1827,S>>E,
1828,E>>S,
1828,E>S,
1828,S~E,
1828,S>E,
1828,S>>E,
1829,E>>S,
1829,E>S,
1829,S~E,
1829,S>E,
1829,S>>E,
1830,E>>S,
1830,E>S,
1830,S~E,
1830,S>E,
1830,S>>E,
1831,E>>S,
1831,E>S,
1831,S~E,
1831,S>E,
1831,S>>E,
1832,E>>S,
1832,E>S,
1832,S~E,
1832,S>E,
1832,S>>E,
1833,E>>S,
1833,E>S,
1833,S~E,
1833,S>E,
1833,S>>E,
1834,E>>S,
1834,E>S,
1834,S~E,
1834,S>E,
1834,S>>E,
1835,E>>S,
1835,E>S,
1835,S~E,
1835,S>E,
1835,S>>E,
1836,E>>S,
1836,E>S,
1836,S~E,
1836,S>E,
1836,S>>E,
1837,E>>S,
1837,E>S,
1837,S~E,
1837,S>E,
1837,S>>E,
1838,E>>S,
1838,E>S,
1838,S~E,
1838,S>E,
1838,S>>E,
1839,E>>S,
1839,E>S,
1839,S~E,
1839,S>E,
1839,S>>E,
1840,E>>S,
1840,E>S,
1840,S~E,
1840,S>E,
1840,S>>E,
1841,E>>S,
1841,E>S,
1841,S~E,
1841,S>E,
1841,S>>E,
1842,E>>S,
1842,E>S,
1842,S~E,
1842,S>E,
1842,S>>E,
1843,E>>S,
1843,E>S,
1843,S~E,
1843,S>E,
1843,S>>E,
1844,E>>S,
1844,E>S,
1844,S~E,
1844,S>E,
1844,S>>E,
1845,E>>S,
1845,E>S,
1845,S~E,
1845,S>E,
1845,S>>E,
1846,E>>S,
1846,E>S,
1846,S~E,
1846,S>E,
1846,S>>E,
1847,E>>S,
1847,E>S,
1847,S~E,
1847,S>E,
1847,S>>E,
1848,E>>S,
1848,E>S,
1848,S~E,
1848,S>E,
1848,S>>E,
1849,E>>S,
1849,E>S,
1849,S~E,
1849,S>E,
1849,S>>E,
1850,E>>S,
1850,E>S,
1850,S~E,
1850,S>E,
1850,S>>E,
1851,E>>S,
1851,E>S,
1851,S~E,
1851,S>E,
1851,S>>E,
1852,E>>S,
1852,E>S,
1852,S~E,
1852,S>E,
1852,S>>E,
1853,E>>S,
1853,E>S,
1853,S~E,
1853,S>E,
1853,S>>E,
1854,E>>S,
1854,E>S,
1854,S~E,
1854,S>E,
1854,S>>E,
1855,E>>S,
1855,E>S,
1855,S~E,
1855,S>E,
1855,S>>E,
1856,E>>S,
1856,E>S,
1856,S~E,
1856,S>E,
1856,S>>E,
1857,E>>S,
1857,E>S,
1857,S~E,
1857,S>E,
1857,S>>E,
1858,E>>S,
1858,E>S,
1858,S~E,
1858,S>E,
1858,S>>E,
1859,E>>S,
1859,E>S,
1859,S~E,
1859,S>E,
1859,S>>E,
1860,E>>S,
1860,E>S,
1860,S~E,
1860,S>E,
1860,S>>E,
1861,E>>S,
1861,E>S,
1861,S~E,
1861,S>E,
1861,S>>E,
1862,E>>S,
1862,E>S,
1862,S~E,
1862,S>E,
1862,S>>E,
1863,E>>S,
1863,E>S,
1863,S~E,
1863,S>E,
1863,S>>E,
1864,E>>S,
1864,E>S,
1864,S~E,
1864,S>E,
1864,S>>E,
1865,E>>S,
1865,E>S,
1865,S~E,
1865,S>E,
1865,S>>E,
1866,E>>S,
1866,E>S,
1866,S~E,
1866,S>E,
1866,S>>E,
1867,E>>S,
1867,E>S,
1867,S~E,
1867,S>E,
1867,S>>E,
1868,E>>S,
1868,E>S,
1868,S~E,
1868,S>E,
1868,S>>E,
1869,E>>S,
1869,E>S,
1869,S~E,
1869,S>E,
1869,S>>E,
1870,E>>S,
1870,E>S,
1870,S~E,
1870,S>E,
1870,S>>E,
1871,E>>S,
1871,E>S,
1871,S~E,
1871,S>E,
1871,S>>E,
1872,E>>S,
1872,E>S,
1872,S~E,
1872,S>E,
1872,S>>E,
1873,E>>S,
1873,E>S,
1873,S~E,
1873,S>E,
1873,S>>E,
1874,E>>S,
1874,E>S,
1874,S~E,
1874,S>E,
1874,S>>E,
1875,E>>S,
1875,E>S,
1875,S~E,
1875,S>E,
1875,S>>E,
1876,E>>S,
1876,E>S,
1876,S~E,
1876,S>E,
1876,S>>E,
1877,E>>S,
1877,E>S,
1877,S~E,
1877,S>E,
1877,S>>E,
1878,E>>S,
1878,E>S,
1878,S~E,
1878,S>E,
1878,S>>E,
1879,E>>S,
1879,E>S,
1879,S~E,
1879,S>E,
1879,S>>E,
1880,E>>S,
1880,E>S,
1880,S~E,
1880,S>E,
1880,S>>E,
1881,E>>S,
1881,E>S,
1881,S~E,
1881,S>E,
1881,S>>E,
1882,E>>S,
1882,E>S,
1882,S~E,
1882,S>E,
1882,S>>E,
1883,E>>S,
1883,E>S,
1883,S~E,
1883,S>E,
1883,S>>E,
1884,E>>S,
1884,E>S,
1884,S~E,
1884,S>E,
1884,S>>E,
1885,E>>S,
1885,E>S,
1885,S~E,
1885,S>E,
1885,S>>E,
1886,E>>S,
1886,E>S,
1886,S~E,
1886,S>E,
1886,S>>E,
1887,E>>S,
1887,E>S,
1887,S~E,
1887,S>E,
1887,S>>E,
1888,E>>S,
1888,E>S,
1888,S~E,
1888,S>E,
1888,S>>E,
1889,E>>S,
1889,E>S,
1889,S~E,
1889,S>E,
1889,S>>E,
1890,E>>S,
1890,E>S,
1890,S~E,
1890,S>E,
1890,S>>E,
1891,E>>S,
1891,E>S,
1891,S~E,
1891,S>E,
1891,S>>E,
1892,E>>S,
1892,E>S,
1892,S~E,
1892,S>E,
1892,S>>E,
1893,E>>S,
1893,E>S,
1893,S~E,
1893,S>E,
1893,S>>E,
1894,E>>S,
1894,E>S,
1894,S~E,
1894,S>E,
1894,S>>E,
1895,E>>S,
1895,E>S,
1895,S~E,
1895,S>E,
1895,S>>E,
1896,E>>S,
1896,E>S,
1896,S~E,
1896,S>E,
1896,S>>E,
1897,E>>S,
1897,E>S,
1897,S~E,
1897,S>E,
1897,S>>E,
1898,E>>S,
1898,E>S,
1898,S~E,
1898,S>E,
1898,S>>E,
1899,E>>S,
1899,E>S,
1899,S~E,
1899,S>E,
1899,S>>E,
1900,E>>S,
1900,E>S,
1900,S~E,
1900,S>E,
1900,S>>E,
1901,E>>S,
1901,E>S,
1901,S~E,
1901,S>E,
1901,S>>E,
1902,E>>S,
1902,E>S,
1902,S~E,
1902,S>E,
1902,S>>E,
1903,E>>S,
1903,E>S,
1903,S~E,
1903,S>E,
1903,S>>E,
1904,E>>S,
1904,E>S,
1904,S~E,
1904,S>E,
1904,S>>E,
1905,E>>S,
1905,E>S,
1905,S~E,
1905,S>E,
1905,S>>E,
1906,E>>S,
1906,E>S,
1906,S~E,
1906,S>E,
1906,S>>E,
1907,E>>S,
1907,E>S,
1907,S~E,
1907,S>E,
1907,S>>E,
1908,E>>S,
1908,E>S,
1908,S~E,
1908,S>E,
1908,S>>E,
1909,E>>S,
1909,E>S,
1909,S~E,
1909,S>E,
1909,S>>E,
1910,E>>S,
1910,E>S,
1910,S~E,
1910,S>E,
1910,S>>E,
1911,E>>S,
1911,E>S,
1911,S~E,
1911,S>E,
1911,S>>E,
1912,E>>S,
1912,E>S,
1912,S~E,
1912,S>E,
1912,S>>E,
1913,E>>S,
1913,E>S,
1913,S~E,
1913,S>E,
1913,S>>E,
1914,E>>S,
1914,E>S,
1914,S~E,
1914,S>E,
1914,S>>E,
1915,E>>S,
1915,E>S,
1915,S~E,
1915,S>E,
1915,S>>E,
1916,E>>S,
1916,E>S,
1916,S~E,
1916,S>E,
1916,S>>E,
1917,E>>S,
1917,E>S,
1917,S~E,
1917,S>E,
1917,S>>E,
1918,E>>S,
1918,E>S,
1918,S~E,
1918,S>E,
1918,S>>E,
1919,E>>S,
1919,E>S,
1919,S~E,
1919,S>E,
1919,S>>E,
1920,E>>S,
1920,E>S,
1920,S~E,
1920,S>E,
1920,S>>E,
1921,E>>S,
1921,E>S,
1921,S~E,
1921,S>E,
1921,S>>E,
1922,E>>S,
1922,E>S,
1922,S~E,
1922,S>E,
1922,S>>E,
1923,E>>S,
1923,E>S,
1923,S~E,
1923,S>E,
1923,S>>E,
1924,E>>S,
1924,E>S,
1924,S~E,
1924,S>E,
1924,S>>E,
1925,E>>S,
1925,E>S,
1925,S~E,
1925,S>E,
1925,S>>E,
1926,E>>S,
1926,E>S,
1926,S~E,
1926,S>E,
1926,S>>E,
1927,E>>S,
1927,E>S,
1927,S~E,
1927,S>E,
1927,S>>E,
1928,E>>S,
1928,E>S,
1928,S~E,
1928,S>E,
1928,S>>E,
1929,E>>S,
1929,E>S,
1929,S~E,
1929,S>E,
1929,S>>E,
1930,E>>S,
1930,E>S,
1930,S~E,
1930,S>E,
1930,S>>E,
1931,E>>S,
1931,E>S,
1931,S~E,
1931,S>E,
1931,S>>E,
1932,E>>S,
1932,E>S,
1932,S~E,
1932,S>E,
1932,S>>E,
1933,E>>S,
1933,E>S,
1933,S~E,
1933,S>E,
1933,S>>E,
1934,E>>S,
1934,E>S,
1934,S~E,
1934,S>E,
1934,S>>E,
1935,E>>S,
1935,E>S,
1935,S~E,
1935,S>E,
1935,S>>E,
1936,E>>S,
1936,E>S,
1936,S~E,
1936,S>E,
1936,S>>E,
1937,E>>S,
1937,E>S,
1937,S~E,
1937,S>E,
1937,S>>E,
1938,E>>S,
1938,E>S,
1938,S~E,
1938,S>E,
1938,S>>E,
1939,E>>S,
1939,E>S,
1939,S~E,
1939,S>E,
1939,S>>E,
1940,E>>S,
1940,E>S,
1940,S~E,
1940,S>E,
1940,S>>E,
1941,E>>S,
1941,E>S,
1941,S~E,
1941,S>E,
1941,S>>E,
1942,E>>S,
1942,E>S,
1942,S~E,
1942,S>E,
1942,S>>E,
1943,E>>S,
1943,E>S,
1943,S~E,
1943,S>E,
1943,S>>E,
1944,E>>S,
1944,E>S,
1944,S~E,
1944,S>E,
1944,S>>E,
1945,E>>S,
1945,E>S,
1945,S~E,
1945,S>E,
1945,S>>E,
1946,E>>S,
1946,E>S,
1946,S~E,
1946,S>E,
1946,S>>E,
1947,E>>S,
1947,E>S,
1947,S~E,
1947,S>E,
1947,S>>E,
1948,E>>S,
1948,E>S,
1948,S~E,
1948,S>E,
1948,S>>E,
1949,E>>S,
1949,E>S,
1949,S~E,
1949,S>E,
1949,S>>E,
1950,E>>S,
1950,E>S,
1950,S~E,
1950,S>E,
1950,S>>E,
1951,E>>S,
1951,E>S,
1951,S~E,
1951,S>E,
1951,S>>E,
1952,E>>S,
1952,E>S,
1952,S~E,
1952,S>E,
1952,S>>E,
1953,E>>S,
1953,E>S,
1953,S~E,
1953,S>E,
1953,S>>E,
1954,E>>S,
1954,E>S,
1954,S~E,
1954,S>E,
1954,S>>E,
1955,E>>S,
1955,E>S,
1955,S~E,
1955,S>E,
1955,S>>E,
1956,E>>S,
1956,E>S,
1956,S~E,
1956,S>E,
1956,S>>E,
1957,E>>S,
1957,E>S,
1957,S~E,
1957,S>E,
1957,S>>E,
1958,E>>S,
1958,E>S,
1958,S~E,
1958,S>E,
1958,S>>E,
1959,E>>S,
1959,E>S,
1959,S~E,
1959,S>E,
1959,S>>E,
1960,E>>S,
1960,E>S,
1960,S~E,
1960,S>E,
1960,S>>E,
1961,E>>S,
1961,E>S,
1961,S~E,
1961,S>E,
1961,S>>E,
1962,E>>S,
1962,E>S,
1962,S~E,
1962,S>E,
1962,S>>E,
1963,E>>S,
1963,E>S,
1963,S~E,
1963,S>E,
1963,S>>E,
1964,E>>S,
1964,E>S,
1964,S~E,
1964,S>E,
1964,S>>E,
1965,E>>S,
1965,E>S,
1965,S~E,
1965,S>E,
1965,S>>E,
1966,E>>S,
1966,E>S,
1966,S~E,
1966,S>E,
1966,S>>E,
1967,E>>S,
1967,E>S,
1967,S~E,
1967,S>E,
1967,S>>E,
1968,E>>S,
1968,E>S,
1968,S~E,
1968,S>E,
1968,S>>E,
1969,E>>S,
1969,E>S,
1969,S~E,
1969,S>E,
1969,S>>E,
1970,E>>S,
1970,E>S,
1970,S~E,
1970,S>E,
1970,S>>E,
1971,E>>S,
1971,E>S,
1971,S~E,
1971,S>E,
1971,S>>E,
1972,E>>S,
1972,E>S,
1972,S~E,
1972,S>E,
1972,S>>E,
1973,E>>S,
1973,E>S,
1973,S~E,
1973,S>E,
1973,S>>E,
1974,E>>S,
1974,E>S,
1974,S~E,
1974,S>E,
1974,S>>E,
1975,E>>S,
1975,E>S,
1975,S~E,
1975,S>E,
1975,S>>E,
1976,E>>S,
1976,E>S,
1976,S~E,
1976,S>E,
1976,S>>E,
1977,E>>S,
1977,E>S,
1977,S~E,
1977,S>E,
1977,S>>E,
1978,E>>S,
1978,E>S,
1978,S~E,
1978,S>E,
1978,S>>E,
1979,E>>S,
1979,E>S,
1979,S~E,
1979,S>E,
1979,S>>E,
1980,E>>S,
1980,E>S,
1980,S~E,
1980,S>E,
1980,S>>E,
1981,E>>S,
1981,E>S,
1981,S~E,
1981,S>E,
1981,S>>E,
1982,E>>S,
1982,E>S,
1982,S~E,
1982,S>E,
1982,S>>E,
1983,E>>S,
1983,E>S,
1983,S~E,
1983,S>E,
1983,S>>E,
1984,E>>S,
1984,E>S,
1984,S~E,
1984,S>E,
1984,S>>E,
1985,E>>S,
1985,E>S,
1985,S~E,
1985,S>E,
1985,S>>E,
1986,E>>S,
1986,E>S,
1986,S~E,
1986,S>E,
1986,S>>E,
1987,E>>S,
1987,E>S,
1987,S~E,
1987,S>E,
1987,S>>E,
1988,E>>S,
1988,E>S,
1988,S~E,
1988,S>E,
1988,S>>E,
1989,E>>S,
1989,E>S,
1989,S~E,
1989,S>E,
1989,S>>E,
1990,E>>S,
1990,E>S,
1990,S~E,
1990,S>E,
1990,S>>E,
1991,E>>S,
1991,E>S,
1991,S~E,
1991,S>E,
1991,S>>E,
1992,E>>S,
1992,E>S,
1992,S~E,
1992,S>E,
1992,S>>E,
1993,E>>S,
1993,E>S,
1993,S~E,
1993,S>E,
1993,S>>E,
1994,E>>S,
1994,E>S,
1994,S~E,
1994,S>E,
1994,S>>E,
1995,E>>S,
1995,E>S,
1995,S~E,
1995,S>E,
1995,S>>E,
1996,E>>S,
1996,E>S,
1996,S~E,
1996,S>E,
1996,S>>E,
1997,E>>S,
1997,E>S,
1997,S~E,
1997,S>E,
1997,S>>E,
1998,E>>S,
1998,E>S,
1998,S~E,
1998,S>E,
1998,S>>E,
1999,E>>S,
1999,E>S,
1999,S~E,
1999,S>E,
1999,S>>E,
