rep,subj,parameter,true
0,1,a,1.910830862440905
0,1,t,0.374259365597712
0,1,z,0.6093594209777542
0,1,v_ES_AttentionW,0.045745978667225205
0,1,v_ES_InattentionW_E,-0.07079968596940983
0,1,v_ES_InattentionW_S,0.014779021808347004
0,3,a,1.8111378881825697
0,3,t,0.41878364509245486
0,3,z,0.474450408443334
0,3,v_ES_AttentionW,0.019923059275437183
0,3,v_ES_InattentionW_E,-0.016270871523416528
0,3,v_ES_InattentionW_S,0.04477339274301213
0,4,a,1.7763000932352797
0,4,t,0.5075861731948267
0,4,z,0.5596086370238542
0,4,v_ES_AttentionW,0.019833097942924108
0,4,v_ES_InattentionW_E,-0.026108583387572472
0,4,v_ES_InattentionW_S,0.019729558402706807
0,5,a,2.2342040306338204
0,5,t,0.4351673375118938
0,5,z,0.444899542610866
0,5,v_ES_AttentionW,0.022401022267928276
0,5,v_ES_InattentionW_E,-0.009660151632618155
0,5,v_ES_InattentionW_S,0.03132878775557291
0,7,a,1.4976648761325677
0,7,t,0.41657564814729964
0,7,z,0.5710026494819996
0,7,v_ES_AttentionW,0.037465858983468374
0,7,v_ES_InattentionW_E,-0.02526126540727471
0,7,v_ES_InattentionW_S,0.0397698745989747
0,8,a,2.9461797320005605
0,8,t,0.4132362747487201
0,8,z,0.38733495952978997
0,8,v_ES_AttentionW,0.020488454083283772
0,8,v_ES_InattentionW_E,-0.021345678286018816
0,8,v_ES_InattentionW_S,0.049837613187298284
0,10,a,1.6748590330501612
0,10,t,0.3865526789504836
0,10,z,0.33243283283921843
0,10,v_ES_AttentionW,0.04157119853196547
0,10,v_ES_InattentionW_E,-0.018893706891304457
0,10,v_ES_InattentionW_S,0.04138978416077045
0,11,a,1.3639820863797953
0,11,t,0.45252122783006404
0,11,z,0.49792194916730315
0,11,v_ES_AttentionW,0.035352993044850144
0,11,v_ES_InattentionW_E,-0.01642439956479307
0,11,v_ES_InattentionW_S,0.03678156571405651
0,12,a,2.1217391692834275
0,12,t,0.4423961954566722
0,12,z,0.5282416284663953
0,12,v_ES_AttentionW,0.04129326713944025
0,12,v_ES_InattentionW_E,-0.06128500927362106
0,12,v_ES_InattentionW_S,0.028947350042376883
0,13,a,1.4739671538094332
0,13,t,0.3989352571905486
0,13,z,0.42902527328309725
0,13,v_ES_AttentionW,0.053727442276635874
0,13,v_ES_InattentionW_E,-0.04989303030509354
0,13,v_ES_InattentionW_S,0.047520315223872345
0,15,a,0.7905675884290156
0,15,t,0.417636770016055
0,15,z,0.5060221367854882
0,15,v_ES_AttentionW,0.04064444502076203
0,15,v_ES_InattentionW_E,-0.01951072431877487
0,15,v_ES_InattentionW_S,0.044997709010939656
0,16,a,1.5425313619308008
0,16,t,0.40979506733792315
0,16,z,0.6282659112278434
0,16,v_ES_AttentionW,0.029450248206069847
0,16,v_ES_InattentionW_E,-0.05778896611288819
0,16,v_ES_InattentionW_S,0.01721454470881223
0,17,a,1.2208524694557183
0,17,t,0.46882388293470517
0,17,z,0.5024479022123843
0,17,v_ES_AttentionW,0.04214553927563469
0,17,v_ES_InattentionW_E,-0.04144373558800988
0,17,v_ES_InattentionW_S,0.03584342325325613
0,19,a,2.0916846396106337
0,19,t,0.4192078874062044
0,19,z,0.5577212169872191
0,19,v_ES_AttentionW,0.02267462070244942
0,19,v_ES_InattentionW_E,-0.0402069339261596
0,19,v_ES_InattentionW_S,0.028052313257738867
0,21,a,1.065072304109254
0,21,t,0.46819710517965274
0,21,z,0.3948677543579101
0,21,v_ES_AttentionW,0.03238437254763283
0,21,v_ES_InattentionW_E,-0.02395096230127387
0,21,v_ES_InattentionW_S,0.039996424227248625
0,22,a,2.1141141287620844
0,22,t,0.4321799725726496
0,22,z,0.4029744077762968
0,22,v_ES_AttentionW,0.031056774376715036
0,22,v_ES_InattentionW_E,-0.06571944252560756
0,22,v_ES_InattentionW_S,0.012689006031542889
0,23,a,0.9935702403822627
0,23,t,0.3768885453565495
0,23,z,0.547698504053342
0,23,v_ES_AttentionW,0.01916814092539216
0,23,v_ES_InattentionW_E,-0.04049800594898817
0,23,v_ES_InattentionW_S,0.0522928015932283
0,24,a,1.5382822135422107
0,24,t,0.4836104126205136
0,24,z,0.3132429371429817
0,24,v_ES_AttentionW,0.02924676940517799
0,24,v_ES_InattentionW_E,-0.05151498420310124
0,24,v_ES_InattentionW_S,0.028668141018004068
0,25,a,2.212705968638238
0,25,t,0.33197471880707546
0,25,z,0.5537910479057465
0,25,v_ES_AttentionW,0.03562721634991897
0,25,v_ES_InattentionW_E,-0.04465904288830098
0,25,v_ES_InattentionW_S,0.012704214223291096
0,27,a,1.7797375646718
0,27,t,0.40566458584709836
0,27,z,0.5183169998421363
0,27,v_ES_AttentionW,0.032519101811135265
0,27,v_ES_InattentionW_E,-0.0023540705684952402
0,27,v_ES_InattentionW_S,0.030105546504044327
1,1,a,1.8700426829640824
1,1,t,0.5021806586201717
1,1,z,0.36353521915480785
1,1,v_ES_AttentionW,0.017809390823716343
1,1,v_ES_InattentionW_E,-0.06269316047689544
1,1,v_ES_InattentionW_S,0.03849695861596758
1,3,a,1.7565485891519441
1,3,t,0.46295371289668197
1,3,z,0.32964919310832647
1,3,v_ES_AttentionW,0.04811101284448819
1,3,v_ES_InattentionW_E,-0.02208632232413616
1,3,v_ES_InattentionW_S,0.024695589736491066
1,4,a,1.4710228398220475
1,4,t,0.4162561425329671
1,4,z,0.3270776723271144
1,4,v_ES_AttentionW,0.031081959767411824
1,4,v_ES_InattentionW_E,-0.04366048901448423
1,4,v_ES_InattentionW_S,0.033623892494930065
1,5,a,1.5689682773843634
1,5,t,0.41648317124211987
1,5,z,0.7267113450728195
1,5,v_ES_AttentionW,0.020405806031766727
1,5,v_ES_InattentionW_E,-0.05682811186757632
1,5,v_ES_InattentionW_S,0.030855566513986958
1,7,a,0.7119732735818212
1,7,t,0.46782315691310966
1,7,z,0.6316680311059034
1,7,v_ES_AttentionW,0.0317000190498283
1,7,v_ES_InattentionW_E,-0.035007365108062245
1,7,v_ES_InattentionW_S,0.0003506666674471734
1,8,a,2.025180617630364
1,8,t,0.4787758794415445
1,8,z,0.2631993040888656
1,8,v_ES_AttentionW,0.05785603826229091
1,8,v_ES_InattentionW_E,-0.052070192145213766
1,8,v_ES_InattentionW_S,0.005037415087952319
1,10,a,0.8450362861757438
1,10,t,0.4480283280362832
1,10,z,0.5215151733414836
1,10,v_ES_AttentionW,0.03696312200885158
1,10,v_ES_InattentionW_E,-0.039803129146728844
1,10,v_ES_InattentionW_S,0.015975740834807288
1,11,a,2.1685422104569123
1,11,t,0.3713460874470502
1,11,z,0.2567250306965073
1,11,v_ES_AttentionW,0.05059196524473857
1,11,v_ES_InattentionW_E,-0.032678950888469345
1,11,v_ES_InattentionW_S,0.032181808130493095
1,12,a,2.0603586176097446
1,12,t,0.3983960629024346
1,12,z,0.3725457153931855
1,12,v_ES_AttentionW,0.03979588754930549
1,12,v_ES_InattentionW_E,-0.043674095987958295
1,12,v_ES_InattentionW_S,0.03047445476558881
1,13,a,1.7036263262215454
1,13,t,0.3467124432441027
1,13,z,0.62904540604448
1,13,v_ES_AttentionW,0.01240678461087533
1,13,v_ES_InattentionW_E,-0.031912592568294706
1,13,v_ES_InattentionW_S,0.027078711110970755
1,15,a,2.379921669365282
1,15,t,0.35291027329091024
1,15,z,0.37077770371183966
1,15,v_ES_AttentionW,0.02928145407390111
1,15,v_ES_InattentionW_E,-0.03263363293694209
1,15,v_ES_InattentionW_S,0.03719481048514424
1,16,a,1.9033914164347963
1,16,t,0.4479361385099206
1,16,z,0.6396436092438116
1,16,v_ES_AttentionW,0.06045159054494853
1,16,v_ES_InattentionW_E,-0.053889642789977224
1,16,v_ES_InattentionW_S,0.026160704885760562
1,17,a,2.1270865288718257
1,17,t,0.4529911349995228
1,17,z,0.7091554219870295
1,17,v_ES_AttentionW,0.02596250927531377
1,17,v_ES_InattentionW_E,-0.04916462766002526
1,17,v_ES_InattentionW_S,0.037220730628914865
1,19,a,0.3653495283940347
1,19,t,0.40637005753663696
1,19,z,0.8685111062923292
1,19,v_ES_AttentionW,0.031077410486672705
1,19,v_ES_InattentionW_E,-0.030185949116812934
1,19,v_ES_InattentionW_S,0.014222167968503509
1,21,a,1.736677634801459
1,21,t,0.43406531001535203
1,21,z,0.7816438887673856
1,21,v_ES_AttentionW,0.016370225708035105
1,21,v_ES_InattentionW_E,-0.07334523010333299
1,21,v_ES_InattentionW_S,0.0313659445016872
1,22,a,2.521260314937313
1,22,t,0.3886925566242127
1,22,z,0.15173204444854327
1,22,v_ES_AttentionW,0.01547984801608818
1,22,v_ES_InattentionW_E,-0.029137166445276218
1,22,v_ES_InattentionW_S,0.01913646964967516
1,23,a,1.7693754834765631
1,23,t,0.25012901056027115
1,23,z,0.3746842002338898
1,23,v_ES_AttentionW,0.041891776678361026
1,23,v_ES_InattentionW_E,-0.03879731561280174
1,23,v_ES_InattentionW_S,0.013307886036490049
1,24,a,2.272856360788714
1,24,t,0.5278201230802598
1,24,z,0.3840866686383475
1,24,v_ES_AttentionW,0.020177130639168688
1,24,v_ES_InattentionW_E,-0.01745345149937666
1,24,v_ES_InattentionW_S,0.019292099678550237
1,25,a,1.666769757153097
1,25,t,0.5954050359631996
1,25,z,0.4956794600894338
1,25,v_ES_AttentionW,0.023674131526327014
1,25,v_ES_InattentionW_E,-0.06247974956039677
1,25,v_ES_InattentionW_S,0.02668013440150039
1,27,a,1.705057204529195
1,27,t,0.39407485736990977
1,27,z,0.622057659291222
1,27,v_ES_AttentionW,0.012377667542671542
1,27,v_ES_InattentionW_E,-0.057035093385313124
1,27,v_ES_InattentionW_S,0.016285109358313524
2,1,a,2.325452844160686
2,1,t,0.4182463292358951
2,1,z,0.5268183022870465
2,1,v_ES_AttentionW,0.04118478963629255
2,1,v_ES_InattentionW_E,-0.02056879352376716
2,1,v_ES_InattentionW_S,0.04074808283336685
2,3,a,1.4668277778606247
2,3,t,0.30061973445016527
2,3,z,0.5350522197844109
2,3,v_ES_AttentionW,0.021880190072549474
2,3,v_ES_InattentionW_E,-0.020524755084266905
2,3,v_ES_InattentionW_S,0.035301359066941165
2,4,a,1.2945866370837942
2,4,t,0.435601105924366
2,4,z,0.590539982706974
2,4,v_ES_AttentionW,0.02995465696125624
2,4,v_ES_InattentionW_E,-0.0442275033348206
2,4,v_ES_InattentionW_S,0.03605791988786671
2,5,a,1.813156440110971
2,5,t,0.49399189296904067
2,5,z,0.5926817605218999
2,5,v_ES_AttentionW,0.01723916082848325
2,5,v_ES_InattentionW_E,-0.04003414232430593
2,5,v_ES_InattentionW_S,0.04114442519692014
2,7,a,0.8465421119432393
2,7,t,0.4890548220072428
2,7,z,0.3325008033999618
2,7,v_ES_AttentionW,0.022936329528920066
2,7,v_ES_InattentionW_E,-0.011453226083175748
2,7,v_ES_InattentionW_S,0.03121689706844887
2,8,a,1.5031891581621901
2,8,t,0.43703714289364703
2,8,z,0.4567199197312477
2,8,v_ES_AttentionW,0.020545732138360095
2,8,v_ES_InattentionW_E,-0.02902605684234426
2,8,v_ES_InattentionW_S,0.0638246617376591
2,10,a,2.0778425234015563
2,10,t,0.45345530654967753
2,10,z,0.5152431623224203
2,10,v_ES_AttentionW,0.037218600578268916
2,10,v_ES_InattentionW_E,-0.023515886921762548
2,10,v_ES_InattentionW_S,0.019481358701641797
2,11,a,1.8837496808601777
2,11,t,0.41299361043964217
2,11,z,0.7582765249617632
2,11,v_ES_AttentionW,0.025403823808700515
2,11,v_ES_InattentionW_E,-0.014274021933362552
2,11,v_ES_InattentionW_S,0.015053061667168303
2,12,a,1.7924149710981123
2,12,t,0.332873532382153
2,12,z,0.32618093058930164
2,12,v_ES_AttentionW,0.03707260773659966
2,12,v_ES_InattentionW_E,-0.047180749871650704
2,12,v_ES_InattentionW_S,0.03012627369722709
2,13,a,1.3149617872611605
2,13,t,0.4490505342585399
2,13,z,0.518631374714074
2,13,v_ES_AttentionW,0.0025240661124905153
2,13,v_ES_InattentionW_E,-0.022379201221632672
2,13,v_ES_InattentionW_S,0.023145284210260197
2,15,a,2.5897684481581495
2,15,t,0.500281960003341
2,15,z,0.6317746260731351
2,15,v_ES_AttentionW,0.00032507352610149087
2,15,v_ES_InattentionW_E,-0.006883297105211621
2,15,v_ES_InattentionW_S,0.03316576740776546
2,16,a,1.0334715313375633
2,16,t,0.44236888815233116
2,16,z,0.68876736841863
2,16,v_ES_AttentionW,0.009813753603351839
2,16,v_ES_InattentionW_E,-0.016962779494579083
2,16,v_ES_InattentionW_S,0.027814307629771714
2,17,a,1.3953805572873375
2,17,t,0.36660538429028794
2,17,z,0.3413850977352751
2,17,v_ES_AttentionW,0.030444325931800964
2,17,v_ES_InattentionW_E,-0.028770891038400023
2,17,v_ES_InattentionW_S,0.04758899490644357
2,19,a,2.2996533627184785
2,19,t,0.37682426445732364
2,19,z,0.6513069777924188
2,19,v_ES_AttentionW,0.014821024727764101
2,19,v_ES_InattentionW_E,-0.02323981441427725
2,19,v_ES_InattentionW_S,0.016589495733615085
2,21,a,1.3959342555280503
2,21,t,0.4714319562750493
2,21,z,0.35543965440005676
2,21,v_ES_AttentionW,0.033685492347794846
2,21,v_ES_InattentionW_E,-0.05335588774226449
2,21,v_ES_InattentionW_S,0.02215863497742849
2,22,a,1.8968478045006116
2,22,t,0.5623556472642961
2,22,z,0.28709826848907655
2,22,v_ES_AttentionW,0.04598171392433345
2,22,v_ES_InattentionW_E,-0.028755748812891283
2,22,v_ES_InattentionW_S,0.06492895583301157
2,23,a,1.5118285772476296
2,23,t,0.3570514974919833
2,23,z,0.5266557428899261
2,23,v_ES_AttentionW,0.015696707756090278
2,23,v_ES_InattentionW_E,-0.030761379115413958
2,23,v_ES_InattentionW_S,0.0313906227661666
2,24,a,2.254842824131225
2,24,t,0.44327417727761015
2,24,z,0.270877683707209
2,24,v_ES_AttentionW,0.0130623370240649
2,24,v_ES_InattentionW_E,-0.04629192804275565
2,24,v_ES_InattentionW_S,0.0026189859152114976
2,25,a,0.6668057454496632
2,25,t,0.624147984599429
2,25,z,0.3386776214924725
2,25,v_ES_AttentionW,0.04265423981253808
2,25,v_ES_InattentionW_E,-0.043230612244785575
2,25,v_ES_InattentionW_S,0.02643337376775346
2,27,a,0.865223005809044
2,27,t,0.5378703071882134
2,27,z,0.40995841856398946
2,27,v_ES_AttentionW,0.04706949494366326
2,27,v_ES_InattentionW_E,-0.04266857559379815
2,27,v_ES_InattentionW_S,0.05094422356414457
3,1,a,1.6136318956043243
3,1,t,0.3096027182042529
3,1,z,0.4865487367575746
3,1,v_ES_AttentionW,0.04756282024795718
3,1,v_ES_InattentionW_E,-0.03155386321606528
3,1,v_ES_InattentionW_S,0.033891763971185436
3,3,a,2.007531151348429
3,3,t,0.4923706324122179
3,3,z,0.2701900959182383
3,3,v_ES_AttentionW,0.04305804316727148
3,3,v_ES_InattentionW_E,-0.029652641802362534
3,3,v_ES_InattentionW_S,0.019309949231222513
3,4,a,1.5261490664480784
3,4,t,0.36468977825880605
3,4,z,0.24877795065678504
3,4,v_ES_AttentionW,0.019905879463552142
3,4,v_ES_InattentionW_E,-0.028466551481510356
3,4,v_ES_InattentionW_S,0.04253427936272706
3,5,a,1.6999060698005042
3,5,t,0.49936569929742486
3,5,z,0.37380686050064355
3,5,v_ES_AttentionW,0.025473082488484705
3,5,v_ES_InattentionW_E,-0.051535099982872194
3,5,v_ES_InattentionW_S,0.015616502517253984
3,7,a,2.374394223887587
3,7,t,0.3645261237287345
3,7,z,0.07546370839211752
3,7,v_ES_AttentionW,0.037412173134680766
3,7,v_ES_InattentionW_E,-0.03502191589746464
3,7,v_ES_InattentionW_S,0.021447269239479153
3,8,a,1.540900853415187
3,8,t,0.2786408238024016
3,8,z,0.3799302854451528
3,8,v_ES_AttentionW,0.015632776126702365
3,8,v_ES_InattentionW_E,-0.04606550024717827
3,8,v_ES_InattentionW_S,0.023901472877531624
3,10,a,2.100113955276649
3,10,t,0.46000559196648216
3,10,z,0.8481527277595177
3,10,v_ES_AttentionW,0.05195392818311462
3,10,v_ES_InattentionW_E,-0.056460221399898786
3,10,v_ES_InattentionW_S,0.0383421198868572
3,11,a,2.185654287355321
3,11,t,0.427817678908813
3,11,z,0.06732955299817855
3,11,v_ES_AttentionW,0.033047804701449156
3,11,v_ES_InattentionW_E,-0.04130297300790395
3,11,v_ES_InattentionW_S,0.03569206449773138
3,12,a,2.2545466670805845
3,12,t,0.48604855423327264
3,12,z,0.2398393339704492
3,12,v_ES_AttentionW,0.04689923003593059
3,12,v_ES_InattentionW_E,-0.029295935337337296
3,12,v_ES_InattentionW_S,0.046173749767465806
3,13,a,1.6758950042054837
3,13,t,0.4232481266625545
3,13,z,0.44282772013311394
3,13,v_ES_AttentionW,0.034602696521354975
3,13,v_ES_InattentionW_E,-0.007679711044896599
3,13,v_ES_InattentionW_S,0.044227730420374436
3,15,a,1.9560506835718507
3,15,t,0.20031506644776015
3,15,z,0.3064229449911974
3,15,v_ES_AttentionW,0.03730269708655074
3,15,v_ES_InattentionW_E,-0.021332194318661013
3,15,v_ES_InattentionW_S,-2.6232792285640905e-07
3,16,a,2.1114121725621575
3,16,t,0.2341532415689099
3,16,z,0.19250419979639088
3,16,v_ES_AttentionW,0.04941722345096781
3,16,v_ES_InattentionW_E,-0.038953351270130596
3,16,v_ES_InattentionW_S,0.034216957126499685
3,17,a,2.168769000231268
3,17,t,0.4715560452852997
3,17,z,0.21258603183339278
3,17,v_ES_AttentionW,0.029428667180321673
3,17,v_ES_InattentionW_E,-0.0395108598147055
3,17,v_ES_InattentionW_S,0.03455436850895237
3,19,a,1.8939765955760874
3,19,t,0.5388344088249083
3,19,z,0.5477977125450164
3,19,v_ES_AttentionW,0.047971967017339516
3,19,v_ES_InattentionW_E,-0.033368983954494946
3,19,v_ES_InattentionW_S,0.022741154964167867
3,21,a,1.1516272111612147
3,21,t,0.2938324088130446
3,21,z,0.08569553620974674
3,21,v_ES_AttentionW,0.026582152113176723
3,21,v_ES_InattentionW_E,-0.00847609884509316
3,21,v_ES_InattentionW_S,0.032467946378648145
3,22,a,1.7962844496244865
3,22,t,0.3737647026689693
3,22,z,0.3414717015439315
3,22,v_ES_AttentionW,0.03583872284137886
3,22,v_ES_InattentionW_E,-0.01519156241237541
3,22,v_ES_InattentionW_S,0.010843939929211288
3,23,a,1.5189866662908957
3,23,t,0.2610316467876047
3,23,z,0.3755413286541961
3,23,v_ES_AttentionW,0.0684559907898291
3,23,v_ES_InattentionW_E,-0.002518603366885846
3,23,v_ES_InattentionW_S,0.06243304783083803
3,24,a,1.2595011604376172
3,24,t,0.19550624645039646
3,24,z,0.6510373442796988
3,24,v_ES_AttentionW,0.025977762730066557
3,24,v_ES_InattentionW_E,-0.025182611870321517
3,24,v_ES_InattentionW_S,0.005677338148414979
3,25,a,2.244376452019363
3,25,t,0.3768232506029989
3,25,z,0.37146716922360096
3,25,v_ES_AttentionW,0.07156426404429664
3,25,v_ES_InattentionW_E,-0.02690559606039134
3,25,v_ES_InattentionW_S,0.011081711416688334
3,27,a,1.4195503488791141
3,27,t,0.5651301892115145
3,27,z,0.24990893778491316
3,27,v_ES_AttentionW,0.055738277055261035
3,27,v_ES_InattentionW_E,-0.04782455494846355
3,27,v_ES_InattentionW_S,0.03154149497640655
4,1,a,1.4629076995230073
4,1,t,0.5838110112098785
4,1,z,0.415428359609174
4,1,v_ES_AttentionW,0.04248209124090338
4,1,v_ES_InattentionW_E,-0.056463424015412086
4,1,v_ES_InattentionW_S,0.011472034239227512
4,3,a,1.7552102398147194
4,3,t,0.36405794212333775
4,3,z,0.4775720947606475
4,3,v_ES_AttentionW,0.03985417927592928
4,3,v_ES_InattentionW_E,-0.033069810070380616
4,3,v_ES_InattentionW_S,0.025499000800807657
4,4,a,1.203401171027692
4,4,t,0.2842358604816284
4,4,z,0.5031525872198286
4,4,v_ES_AttentionW,0.05515593982802745
4,4,v_ES_InattentionW_E,-0.03814193596041328
4,4,v_ES_InattentionW_S,0.014577018875339676
4,5,a,1.6630862237940143
4,5,t,0.5278784551801501
4,5,z,0.49572334242966404
4,5,v_ES_AttentionW,0.01705924794166038
4,5,v_ES_InattentionW_E,-0.03787102476832902
4,5,v_ES_InattentionW_S,0.037322280458341454
4,7,a,2.2801731595977874
4,7,t,0.15921882525182462
4,7,z,0.3909240579045613
4,7,v_ES_AttentionW,0.0396073610628813
4,7,v_ES_InattentionW_E,-0.007625630173498564
4,7,v_ES_InattentionW_S,0.045565468957532135
4,8,a,1.0984109069322756
4,8,t,0.5508709269850873
4,8,z,0.38679969554733407
4,8,v_ES_AttentionW,0.03152039452379748
4,8,v_ES_InattentionW_E,-0.04327468082395044
4,8,v_ES_InattentionW_S,0.03422884601587207
4,10,a,2.8020724725745083
4,10,t,0.293831190484682
4,10,z,0.6109571398189446
4,10,v_ES_AttentionW,0.03410486642408549
4,10,v_ES_InattentionW_E,-0.025232420169528116
4,10,v_ES_InattentionW_S,0.04131808226788533
4,11,a,1.703854121713906
4,11,t,0.5120806878126836
4,11,z,0.6748453849352963
4,11,v_ES_AttentionW,0.01879351442308892
4,11,v_ES_InattentionW_E,-0.01754949643757686
4,11,v_ES_InattentionW_S,0.034606172639440554
4,12,a,2.7078389828791836
4,12,t,0.15067504203576393
4,12,z,0.45614157876430905
4,12,v_ES_AttentionW,0.026913586078536132
4,12,v_ES_InattentionW_E,-0.04845923390473226
4,12,v_ES_InattentionW_S,0.0049292984801659265
4,13,a,1.6172290881244824
4,13,t,0.38697126360076717
4,13,z,0.2654076234520921
4,13,v_ES_AttentionW,0.021334749565923416
4,13,v_ES_InattentionW_E,-0.025905371102934536
4,13,v_ES_InattentionW_S,0.028043053517492745
4,15,a,2.39251493034398
4,15,t,0.7064423113277312
4,15,z,0.4632919116844999
4,15,v_ES_AttentionW,0.0326920000396221
4,15,v_ES_InattentionW_E,-0.06320725040465656
4,15,v_ES_InattentionW_S,0.0035368372437698872
4,16,a,1.601304133442125
4,16,t,0.3247819395409436
4,16,z,0.5697056325283888
4,16,v_ES_AttentionW,0.045576326568936905
4,16,v_ES_InattentionW_E,-0.04208139361766589
4,16,v_ES_InattentionW_S,0.034434976592827383
4,17,a,1.2181175366769048
4,17,t,0.4634295534272469
4,17,z,0.16588310869189737
4,17,v_ES_AttentionW,0.03713666325604028
4,17,v_ES_InattentionW_E,-0.02246451977089814
4,17,v_ES_InattentionW_S,0.001200866774424162
4,19,a,1.1546639525218456
4,19,t,0.4907082696996843
4,19,z,0.5146020073829045
4,19,v_ES_AttentionW,0.036444436200139034
4,19,v_ES_InattentionW_E,-0.056341102899004375
4,19,v_ES_InattentionW_S,0.0484725264078103
4,21,a,1.9575227535228872
4,21,t,0.44226154117062655
4,21,z,0.5953563459904816
4,21,v_ES_AttentionW,0.04093437393012028
4,21,v_ES_InattentionW_E,-0.028887980289821116
4,21,v_ES_InattentionW_S,0.028393478515829608
4,22,a,1.5702972007562093
4,22,t,0.17724748967924317
4,22,z,0.6030036398229518
4,22,v_ES_AttentionW,0.0537637016720965
4,22,v_ES_InattentionW_E,-0.05990908998808578
4,22,v_ES_InattentionW_S,0.03486613003375738
4,23,a,1.670738209003613
4,23,t,0.3088259709507411
4,23,z,0.3625849615617731
4,23,v_ES_AttentionW,0.009920756106377871
4,23,v_ES_InattentionW_E,-0.02731998865197226
4,23,v_ES_InattentionW_S,0.027103325546305127
4,24,a,2.037118475338229
4,24,t,0.593476407308949
4,24,z,0.5363500986547416
4,24,v_ES_AttentionW,0.01940765010767631
4,24,v_ES_InattentionW_E,-0.01973813354755258
4,24,v_ES_InattentionW_S,0.028869990057709793
4,25,a,1.797748347322247
4,25,t,0.30990492444602513
4,25,z,0.45584668884295176
4,25,v_ES_AttentionW,0.02585565679717665
4,25,v_ES_InattentionW_E,-0.052397020890650764
4,25,v_ES_InattentionW_S,0.020525457180023982
4,27,a,2.431011660015753
4,27,t,0.5564895185285698
4,27,z,0.3101354694023788
4,27,v_ES_AttentionW,0.022799320538012077
4,27,v_ES_InattentionW_E,-0.035874243756657966
4,27,v_ES_InattentionW_S,0.016111843250757728
5,1,a,1.5463351834554215
5,1,t,0.4387751879605017
5,1,z,0.10260692914184821
5,1,v_ES_AttentionW,0.013626583499118976
5,1,v_ES_InattentionW_E,-0.04619473425961265
5,1,v_ES_InattentionW_S,0.011997696823955826
5,3,a,1.512784214805436
5,3,t,0.3864558691302639
5,3,z,0.4414656484377041
5,3,v_ES_AttentionW,0.02496098321433715
5,3,v_ES_InattentionW_E,-0.032131888827564625
5,3,v_ES_InattentionW_S,0.0427696991438979
5,4,a,2.0117389868529214
5,4,t,0.5127500448771346
5,4,z,0.8422965647875633
5,4,v_ES_AttentionW,0.027572817222780606
5,4,v_ES_InattentionW_E,-0.016252427364529802
5,4,v_ES_InattentionW_S,0.006273442518646949
5,5,a,1.8459300508079715
5,5,t,0.5248241819694768
5,5,z,0.7500922497724742
5,5,v_ES_AttentionW,0.04160786133875589
5,5,v_ES_InattentionW_E,-0.025116380976136766
5,5,v_ES_InattentionW_S,0.05896737068870905
5,7,a,1.924559644678836
5,7,t,0.49517697594285814
5,7,z,0.34226783671593364
5,7,v_ES_AttentionW,0.01776878560624844
5,7,v_ES_InattentionW_E,-0.05351173784483363
5,7,v_ES_InattentionW_S,0.06319315958412255
5,8,a,2.2043484412495347
5,8,t,0.37939288980464775
5,8,z,0.3507571586563322
5,8,v_ES_AttentionW,0.028083368168208393
5,8,v_ES_InattentionW_E,-0.04427676900255292
5,8,v_ES_InattentionW_S,0.009815461288723768
5,10,a,1.6474252785559413
5,10,t,0.5263503639320692
5,10,z,0.5381058639656012
5,10,v_ES_AttentionW,0.017408802075813284
5,10,v_ES_InattentionW_E,-0.020917682618783177
5,10,v_ES_InattentionW_S,0.04843202143799098
5,11,a,1.9484861881476014
5,11,t,0.43296092356781146
5,11,z,0.5726181011025514
5,11,v_ES_AttentionW,0.03572200034274386
5,11,v_ES_InattentionW_E,-0.039760935102272514
5,11,v_ES_InattentionW_S,0.07028541475053761
5,12,a,2.3163085257173655
5,12,t,0.4658377524555316
5,12,z,0.3163595314153602
5,12,v_ES_AttentionW,0.022432268024779954
5,12,v_ES_InattentionW_E,-0.023016556968887388
5,12,v_ES_InattentionW_S,0.03636629889548973
5,13,a,2.1324853270015884
5,13,t,0.33171076270878863
5,13,z,0.4875095952463297
5,13,v_ES_AttentionW,0.021311905884591593
5,13,v_ES_InattentionW_E,-0.03640305494525274
5,13,v_ES_InattentionW_S,0.028456990050013717
5,15,a,2.556767786500285
5,15,t,0.35996065118039244
5,15,z,0.25635801407179654
5,15,v_ES_AttentionW,0.04017168660429467
5,15,v_ES_InattentionW_E,-0.024888507808376918
5,15,v_ES_InattentionW_S,-0.003520965527225226
5,16,a,2.167934721908967
5,16,t,0.5339212440220482
5,16,z,0.41457940817374095
5,16,v_ES_AttentionW,0.03618526169206628
5,16,v_ES_InattentionW_E,-0.023920027937102843
5,16,v_ES_InattentionW_S,0.04482385081610469
5,17,a,1.8280782988034927
5,17,t,0.4032503489479364
5,17,z,0.5301530345382055
5,17,v_ES_AttentionW,0.03993488810142689
5,17,v_ES_InattentionW_E,-0.034695409334036545
5,17,v_ES_InattentionW_S,0.012781374713559016
5,19,a,2.167952809756547
5,19,t,0.5021791864097508
5,19,z,0.6666078498974655
5,19,v_ES_AttentionW,0.029803388752427756
5,19,v_ES_InattentionW_E,-0.01698496277209293
5,19,v_ES_InattentionW_S,0.08068395199368891
5,21,a,1.4918070311682272
5,21,t,0.4554773593150487
5,21,z,0.5915844294688799
5,21,v_ES_AttentionW,0.012962479234536538
5,21,v_ES_InattentionW_E,-0.03637035095220213
5,21,v_ES_InattentionW_S,0.002294149662397077
5,22,a,1.597358104217735
5,22,t,0.29943310741938567
5,22,z,0.3608257815339839
5,22,v_ES_AttentionW,0.0317402131877274
5,22,v_ES_InattentionW_E,-0.036385543324763785
5,22,v_ES_InattentionW_S,0.05306321323706367
5,23,a,1.7640168136763004
5,23,t,0.4829883113512903
5,23,z,0.5545834902922548
5,23,v_ES_AttentionW,0.03234708810482138
5,23,v_ES_InattentionW_E,-0.03435292400911541
5,23,v_ES_InattentionW_S,0.04661851536876678
5,24,a,2.1883419263748074
5,24,t,0.5356207474017138
5,24,z,0.3144782733493534
5,24,v_ES_AttentionW,0.03817427627851985
5,24,v_ES_InattentionW_E,-0.03354351206544583
5,24,v_ES_InattentionW_S,0.03147437843076108
5,25,a,2.237979091632834
5,25,t,0.5790174988561863
5,25,z,0.1862729220020174
5,25,v_ES_AttentionW,0.02555773234450343
5,25,v_ES_InattentionW_E,-0.022514726126069286
5,25,v_ES_InattentionW_S,0.03860911075093692
5,27,a,2.6744448085198758
5,27,t,0.5129736805275026
5,27,z,0.5177392252064479
5,27,v_ES_AttentionW,0.04010238271131501
5,27,v_ES_InattentionW_E,-0.011420344723958621
5,27,v_ES_InattentionW_S,0.02096326254241529
6,1,a,1.7638452135138192
6,1,t,0.5795586317576424
6,1,z,0.48760630225237117
6,1,v_ES_AttentionW,0.04943551366782193
6,1,v_ES_InattentionW_E,-0.029753322136511894
6,1,v_ES_InattentionW_S,0.011113186300676894
6,3,a,2.364687490516446
6,3,t,0.3048349905380002
6,3,z,0.5195119995351168
6,3,v_ES_AttentionW,0.045923639480961904
6,3,v_ES_InattentionW_E,-0.02038264294011457
6,3,v_ES_InattentionW_S,0.033819219081337226
6,4,a,1.3796090979452666
6,4,t,0.3878731185846632
6,4,z,0.3522235863490953
6,4,v_ES_AttentionW,0.04846160875169532
6,4,v_ES_InattentionW_E,-0.023145765590640452
6,4,v_ES_InattentionW_S,0.04233042738550246
6,5,a,2.4918162560589585
6,5,t,0.4520395920161708
6,5,z,0.39640741453205863
6,5,v_ES_AttentionW,0.0272811086141757
6,5,v_ES_InattentionW_E,-0.033845880036080585
6,5,v_ES_InattentionW_S,0.016830386103315935
6,7,a,1.9902146022672165
6,7,t,0.2803510811170284
6,7,z,0.47725327424622915
6,7,v_ES_AttentionW,0.024494408759769756
6,7,v_ES_InattentionW_E,-0.03258754380256375
6,7,v_ES_InattentionW_S,0.06783778351360387
6,8,a,1.7047679056244238
6,8,t,0.513563415090887
6,8,z,0.2908054205937489
6,8,v_ES_AttentionW,0.035679230940866134
6,8,v_ES_InattentionW_E,-0.0184020682888284
6,8,v_ES_InattentionW_S,0.03244731000428062
6,10,a,1.8897223581546587
6,10,t,0.46536116760061913
6,10,z,0.6168924719037387
6,10,v_ES_AttentionW,0.06523237402292853
6,10,v_ES_InattentionW_E,-0.05166117853114015
6,10,v_ES_InattentionW_S,0.03440399116922816
6,11,a,2.595097742576357
6,11,t,0.5013391912839181
6,11,z,0.6811973826451261
6,11,v_ES_AttentionW,0.04748805846604513
6,11,v_ES_InattentionW_E,-0.03049852623458416
6,11,v_ES_InattentionW_S,0.029549836759840672
6,12,a,1.3227743482605967
6,12,t,0.3029934625756942
6,12,z,0.3677196856795021
6,12,v_ES_AttentionW,0.05284861654974045
6,12,v_ES_InattentionW_E,-0.017397298214758605
6,12,v_ES_InattentionW_S,0.01427623931091302
6,13,a,2.011774695467826
6,13,t,0.3972793925440456
6,13,z,0.41218587576205573
6,13,v_ES_AttentionW,0.017864385059157963
6,13,v_ES_InattentionW_E,-0.04424474125030466
6,13,v_ES_InattentionW_S,0.059490417771142876
6,15,a,1.0085977451138468
6,15,t,0.14932892166604791
6,15,z,0.7027515746420554
6,15,v_ES_AttentionW,0.031612260390072915
6,15,v_ES_InattentionW_E,-0.036740370343824554
6,15,v_ES_InattentionW_S,0.039181778196645936
6,16,a,1.5867971412358262
6,16,t,0.36364276796741357
6,16,z,0.2094349132022178
6,16,v_ES_AttentionW,0.004371268746741271
6,16,v_ES_InattentionW_E,-0.01008550421455624
6,16,v_ES_InattentionW_S,0.04662365163384245
6,17,a,1.8478358353340936
6,17,t,0.32389885574819
6,17,z,0.585348231550142
6,17,v_ES_AttentionW,0.037664468424062486
6,17,v_ES_InattentionW_E,-0.031201739497887914
6,17,v_ES_InattentionW_S,0.02812489590694996
6,19,a,1.4636427912408247
6,19,t,0.38009471603481393
6,19,z,0.4306866198884978
6,19,v_ES_AttentionW,0.02338361634917002
6,19,v_ES_InattentionW_E,-0.04841954574088343
6,19,v_ES_InattentionW_S,0.041614127106598744
6,21,a,1.4444902004305626
6,21,t,0.3564371617342281
6,21,z,0.558126608299493
6,21,v_ES_AttentionW,0.0312508759080087
6,21,v_ES_InattentionW_E,-0.014665142276754792
6,21,v_ES_InattentionW_S,0.050673243141301304
6,22,a,2.79004660398084
6,22,t,0.4225415499197017
6,22,z,0.4230703413682851
6,22,v_ES_AttentionW,0.02605780460022937
6,22,v_ES_InattentionW_E,-0.0390676702951796
6,22,v_ES_InattentionW_S,0.01428111965863125
6,23,a,2.779168404576135
6,23,t,0.46523686086137406
6,23,z,0.6573349924526914
6,23,v_ES_AttentionW,0.051463728937280656
6,23,v_ES_InattentionW_E,-0.038643369798322745
6,23,v_ES_InattentionW_S,0.026008772391192203
6,24,a,1.4116627151116585
6,24,t,0.3896146483612352
6,24,z,0.35003179649895144
6,24,v_ES_AttentionW,0.06790044058432097
6,24,v_ES_InattentionW_E,-0.029246788715646403
6,24,v_ES_InattentionW_S,0.011446246773519336
6,25,a,1.9434242132227915
6,25,t,0.5448925641591977
6,25,z,0.5263174894871847
6,25,v_ES_AttentionW,-0.0027408805426175076
6,25,v_ES_InattentionW_E,0.01009279111419055
6,25,v_ES_InattentionW_S,0.037598244574655736
6,27,a,1.6886761612604888
6,27,t,0.2976430994704883
6,27,z,0.37723454266786594
6,27,v_ES_AttentionW,0.02650450183913994
6,27,v_ES_InattentionW_E,-0.019631067623138737
6,27,v_ES_InattentionW_S,0.04148496924983983
7,1,a,2.202674776687169
7,1,t,0.5794722147840765
7,1,z,0.5110116904722231
7,1,v_ES_AttentionW,0.016258464461333968
7,1,v_ES_InattentionW_E,-0.02666631441284236
7,1,v_ES_InattentionW_S,0.033124927206429386
7,3,a,1.684222171969888
7,3,t,0.31294334430349147
7,3,z,0.45832272495711573
7,3,v_ES_AttentionW,0.011725966787473039
7,3,v_ES_InattentionW_E,-0.0330157511534787
7,3,v_ES_InattentionW_S,0.030078058404141173
7,4,a,3.0385495559797038
7,4,t,0.554084323026649
7,4,z,0.6220897069758435
7,4,v_ES_AttentionW,0.03934941381936634
7,4,v_ES_InattentionW_E,-0.03445823830734785
7,4,v_ES_InattentionW_S,0.023577216463208914
7,5,a,1.7030878069481803
7,5,t,0.5294816731850558
7,5,z,0.7086690875628422
7,5,v_ES_AttentionW,0.029998781947256106
7,5,v_ES_InattentionW_E,-0.03124905964171351
7,5,v_ES_InattentionW_S,0.0481747973109163
7,7,a,2.5991360920263684
7,7,t,0.5923576812946083
7,7,z,0.8456468161393044
7,7,v_ES_AttentionW,0.041903295107468895
7,7,v_ES_InattentionW_E,-0.012000961354519401
7,7,v_ES_InattentionW_S,0.06144210935103389
7,8,a,1.6282503575553373
7,8,t,0.5318707865913983
7,8,z,0.4947683196708817
7,8,v_ES_AttentionW,0.044301263722704994
7,8,v_ES_InattentionW_E,-0.029911742565275356
7,8,v_ES_InattentionW_S,0.032490805824703935
7,10,a,1.6829201825307667
7,10,t,0.5658337863183762
7,10,z,0.5956686605012144
7,10,v_ES_AttentionW,0.04183568811556066
7,10,v_ES_InattentionW_E,-0.046272366373889616
7,10,v_ES_InattentionW_S,0.031156849204980047
7,11,a,2.5161909527250526
7,11,t,0.6013427042890209
7,11,z,0.6291006751146466
7,11,v_ES_AttentionW,0.028821195950308697
7,11,v_ES_InattentionW_E,-0.00974886775174083
7,11,v_ES_InattentionW_S,0.056568916055286536
7,12,a,1.7295469104486174
7,12,t,0.4528677055734599
7,12,z,0.5676473215972583
7,12,v_ES_AttentionW,0.047811613397524544
7,12,v_ES_InattentionW_E,-0.02583101587759231
7,12,v_ES_InattentionW_S,-0.006076573868412812
7,13,a,1.835138687239747
7,13,t,0.5411338644261494
7,13,z,0.43824385140585437
7,13,v_ES_AttentionW,0.02897300338379548
7,13,v_ES_InattentionW_E,-0.04355526719271576
7,13,v_ES_InattentionW_S,0.020122670877516402
7,15,a,1.828135720675819
7,15,t,0.4936706954909319
7,15,z,0.23079522908517297
7,15,v_ES_AttentionW,0.017625597716928117
7,15,v_ES_InattentionW_E,-0.06241774701974702
7,15,v_ES_InattentionW_S,0.03888112436581978
7,16,a,1.9397301640782219
7,16,t,0.38307020802333736
7,16,z,0.6679630085464157
7,16,v_ES_AttentionW,0.046498901931001674
7,16,v_ES_InattentionW_E,-0.012105029092195834
7,16,v_ES_InattentionW_S,0.0356722314570248
7,17,a,1.2013147255552719
7,17,t,0.5355993322958162
7,17,z,0.6046018425183051
7,17,v_ES_AttentionW,0.029119019520949148
7,17,v_ES_InattentionW_E,-0.05131489246686599
7,17,v_ES_InattentionW_S,0.05355933783646752
7,19,a,1.9598488377588819
7,19,t,0.6194315551616087
7,19,z,0.29773560085059547
7,19,v_ES_AttentionW,0.030744348148672537
7,19,v_ES_InattentionW_E,-0.03296771885446872
7,19,v_ES_InattentionW_S,0.026474214754317237
7,21,a,1.8496779962950207
7,21,t,0.43409252564133677
7,21,z,0.3615024746339769
7,21,v_ES_AttentionW,0.0012119486282785794
7,21,v_ES_InattentionW_E,-0.027074735326589515
7,21,v_ES_InattentionW_S,0.04070338100549091
7,22,a,2.096554099769915
7,22,t,0.37334479349095107
7,22,z,0.6013467948488317
7,22,v_ES_AttentionW,0.057883648776987845
7,22,v_ES_InattentionW_E,0.0006151056491161683
7,22,v_ES_InattentionW_S,0.002537924446620269
7,23,a,1.7928277713864413
7,23,t,0.40184486006666714
7,23,z,0.6126208395794828
7,23,v_ES_AttentionW,0.03430020853324799
7,23,v_ES_InattentionW_E,-0.028282711489182953
7,23,v_ES_InattentionW_S,0.0651725896410543
7,24,a,2.374534106365773
7,24,t,0.45492646664650954
7,24,z,0.7122140447965253
7,24,v_ES_AttentionW,0.021656665348490443
7,24,v_ES_InattentionW_E,-0.0035873803904338704
7,24,v_ES_InattentionW_S,0.004243923725807213
7,25,a,2.7579169905396035
7,25,t,0.5056260019712034
7,25,z,0.41383193060558926
7,25,v_ES_AttentionW,0.03153830376118899
7,25,v_ES_InattentionW_E,-0.04564412551738524
7,25,v_ES_InattentionW_S,0.0233392105027586
7,27,a,2.1229956816829563
7,27,t,0.4263085162606356
7,27,z,0.597927976342591
7,27,v_ES_AttentionW,0.03368133357865214
7,27,v_ES_InattentionW_E,-0.04343723677267573
7,27,v_ES_InattentionW_S,0.039054318130448136
8,1,a,2.062517962682901
8,1,t,0.3633304205666926
8,1,z,0.5641505033775366
8,1,v_ES_AttentionW,0.022009997407326953
8,1,v_ES_InattentionW_E,-0.0027290020124785125
8,1,v_ES_InattentionW_S,0.029807325414766904
8,3,a,2.0932300942956745
8,3,t,0.46928551587053535
8,3,z,0.4916588947237861
8,3,v_ES_AttentionW,0.03644861134621662
8,3,v_ES_InattentionW_E,-0.05732423323808933
8,3,v_ES_InattentionW_S,0.029915761319113422
8,4,a,1.4039730222621234
8,4,t,0.4038361166203963
8,4,z,-0.011076051791162334
8,4,v_ES_AttentionW,0.02044432331272312
8,4,v_ES_InattentionW_E,-0.038285311574516215
8,4,v_ES_InattentionW_S,0.03525918336957576
8,5,a,1.622351280929497
8,5,t,0.31059494212290795
8,5,z,0.3486552441501991
8,5,v_ES_AttentionW,0.03083923292211252
8,5,v_ES_InattentionW_E,-0.08847735767727435
8,5,v_ES_InattentionW_S,0.022589348658567068
8,7,a,1.2633619071473645
8,7,t,0.346959081601925
8,7,z,0.5042356919114913
8,7,v_ES_AttentionW,0.02437165107960393
8,7,v_ES_InattentionW_E,-0.02488535709376536
8,7,v_ES_InattentionW_S,0.0359831186066576
8,8,a,2.0319152892071433
8,8,t,0.425116971433915
8,8,z,0.6291719925934416
8,8,v_ES_AttentionW,0.05326013259406211
8,8,v_ES_InattentionW_E,-0.036557909518573586
8,8,v_ES_InattentionW_S,0.022281157119364944
8,10,a,1.9539541372712914
8,10,t,0.5804821049709825
8,10,z,0.4564636205298415
8,10,v_ES_AttentionW,0.03274195030213238
8,10,v_ES_InattentionW_E,-0.04458541414291434
8,10,v_ES_InattentionW_S,0.01910667945906581
8,11,a,1.0498985789725943
8,11,t,0.6455715822853783
8,11,z,0.3287154472523117
8,11,v_ES_AttentionW,0.0237888589032562
8,11,v_ES_InattentionW_E,-0.03752379786300972
8,11,v_ES_InattentionW_S,0.0410785284551039
8,12,a,1.0544904104968313
8,12,t,0.34178012640728334
8,12,z,0.43737333489993513
8,12,v_ES_AttentionW,0.04234735910253956
8,12,v_ES_InattentionW_E,-0.05550059905558868
8,12,v_ES_InattentionW_S,0.03448969830408495
8,13,a,2.9087440143562344
8,13,t,0.3218884440559108
8,13,z,0.2484879699338598
8,13,v_ES_AttentionW,0.03787497401147679
8,13,v_ES_InattentionW_E,-0.019832515813786977
8,13,v_ES_InattentionW_S,0.027553934649185843
8,15,a,1.7521050227771906
8,15,t,0.45138709250818426
8,15,z,0.5840202166020425
8,15,v_ES_AttentionW,0.03527576608648038
8,15,v_ES_InattentionW_E,-0.01826056466804755
8,15,v_ES_InattentionW_S,0.010248976905215219
8,16,a,1.9002928853080279
8,16,t,0.3324022112092442
8,16,z,0.5700804365201143
8,16,v_ES_AttentionW,0.035954138987851825
8,16,v_ES_InattentionW_E,-0.002390592757219253
8,16,v_ES_InattentionW_S,0.035021689972769415
8,17,a,1.9165828551436512
8,17,t,0.43916714462704326
8,17,z,0.5941211545404937
8,17,v_ES_AttentionW,0.03289951892529261
8,17,v_ES_InattentionW_E,-0.05334235540955795
8,17,v_ES_InattentionW_S,0.021602158719066566
8,19,a,2.126490782607853
8,19,t,0.5544472320365057
8,19,z,0.32158455572076805
8,19,v_ES_AttentionW,0.042628942161253396
8,19,v_ES_InattentionW_E,-0.05685608035035531
8,19,v_ES_InattentionW_S,0.041877458070809885
8,21,a,1.518198619473002
8,21,t,0.4080463062660512
8,21,z,0.6917442059180738
8,21,v_ES_AttentionW,0.05512520714869314
8,21,v_ES_InattentionW_E,-0.03750544182725993
8,21,v_ES_InattentionW_S,0.020555625425729716
8,22,a,1.214195842901143
8,22,t,0.4404592444908715
8,22,z,0.4356168183553299
8,22,v_ES_AttentionW,0.0308137037912096
8,22,v_ES_InattentionW_E,-0.04891740385334438
8,22,v_ES_InattentionW_S,0.030964346954189724
8,23,a,1.3822778868856491
8,23,t,0.5017185824924757
8,23,z,0.40428033371558353
8,23,v_ES_AttentionW,0.04903300189609597
8,23,v_ES_InattentionW_E,-0.01455135420914085
8,23,v_ES_InattentionW_S,0.04295952252944176
8,24,a,1.987263224778192
8,24,t,0.2997730391654983
8,24,z,0.6063459642656938
8,24,v_ES_AttentionW,0.04718914131492592
8,24,v_ES_InattentionW_E,-0.03571955491965785
8,24,v_ES_InattentionW_S,0.01626434772125362
8,25,a,1.0347413442793765
8,25,t,0.3212647495561898
8,25,z,0.25928491659464403
8,25,v_ES_AttentionW,0.05067517198535217
8,25,v_ES_InattentionW_E,-0.03020354076434136
8,25,v_ES_InattentionW_S,0.04565361467129032
8,27,a,1.2934481468212942
8,27,t,0.48503786592804576
8,27,z,0.5577767190224814
8,27,v_ES_AttentionW,0.0443677857670428
8,27,v_ES_InattentionW_E,-0.044937067404188395
8,27,v_ES_InattentionW_S,0.03006776792452377
9,1,a,1.6379335805175252
9,1,t,0.3883102403054617
9,1,z,0.5032266316398796
9,1,v_ES_AttentionW,0.056150266526703144
9,1,v_ES_InattentionW_E,-0.03319536238705123
9,1,v_ES_InattentionW_S,0.01103758457801109
9,3,a,1.5330724343518112
9,3,t,0.6116833863330766
9,3,z,0.4029456532640263
9,3,v_ES_AttentionW,0.013328723643874229
9,3,v_ES_InattentionW_E,-0.03269573954971794
9,3,v_ES_InattentionW_S,0.03270210828375295
9,4,a,2.042239565587894
9,4,t,0.6196499367671817
9,4,z,0.4399719919770561
9,4,v_ES_AttentionW,0.006965150681198372
9,4,v_ES_InattentionW_E,0.00918316989624909
9,4,v_ES_InattentionW_S,0.03252779642849604
9,5,a,2.0482885122855206
9,5,t,0.3830105407818983
9,5,z,0.24339010879968648
9,5,v_ES_AttentionW,0.06192105136843909
9,5,v_ES_InattentionW_E,-0.06079985814077832
9,5,v_ES_InattentionW_S,0.018489355161853252
9,7,a,1.3698275417826853
9,7,t,0.580614137159259
9,7,z,0.5595827659941466
9,7,v_ES_AttentionW,0.021684398096904277
9,7,v_ES_InattentionW_E,-0.009214977398693154
9,7,v_ES_InattentionW_S,0.05817849035074418
9,8,a,1.456169920909232
9,8,t,0.36304302845810527
9,8,z,0.5776709374356271
9,8,v_ES_AttentionW,0.03839942416024458
9,8,v_ES_InattentionW_E,-0.05197087916421146
9,8,v_ES_InattentionW_S,0.018207050832722532
9,10,a,1.8985815569672664
9,10,t,0.526661207801613
9,10,z,0.13824679081687047
9,10,v_ES_AttentionW,0.04594787837617646
9,10,v_ES_InattentionW_E,-0.013964801669647184
9,10,v_ES_InattentionW_S,0.059948812112962976
9,11,a,0.7835162886955367
9,11,t,0.414436962600479
9,11,z,0.3927103918529908
9,11,v_ES_AttentionW,0.061163880935858936
9,11,v_ES_InattentionW_E,-0.053006966602932845
9,11,v_ES_InattentionW_S,0.019518167151079163
9,12,a,2.0319192623646467
9,12,t,0.5049706332344932
9,12,z,0.6028062851310364
9,12,v_ES_AttentionW,0.01131519629743841
9,12,v_ES_InattentionW_E,0.020432325586559618
9,12,v_ES_InattentionW_S,0.017317631823906984
9,13,a,2.1240382278440153
9,13,t,0.5387399124456754
9,13,z,0.4017425186679957
9,13,v_ES_AttentionW,0.04402519557432022
9,13,v_ES_InattentionW_E,-0.06129513878193499
9,13,v_ES_InattentionW_S,0.02620197833406966
9,15,a,1.6511582833500127
9,15,t,0.2990033202181419
9,15,z,0.31918710217525437
9,15,v_ES_AttentionW,0.015355369623922342
9,15,v_ES_InattentionW_E,-0.0030675444206691715
9,15,v_ES_InattentionW_S,0.014770487454957739
9,16,a,1.1473537164481442
9,16,t,0.4249872786648069
9,16,z,0.3977000929285363
9,16,v_ES_AttentionW,0.08135335678028277
9,16,v_ES_InattentionW_E,0.01742148642626252
9,16,v_ES_InattentionW_S,0.03076456885984517
9,17,a,1.5167457589917122
9,17,t,0.6693739755504033
9,17,z,0.5524060082178657
9,17,v_ES_AttentionW,0.002281466932636457
9,17,v_ES_InattentionW_E,-0.016201050834812138
9,17,v_ES_InattentionW_S,-0.00013787992002549723
9,19,a,2.51861888029961
9,19,t,0.48528711928253115
9,19,z,0.19526559835826446
9,19,v_ES_AttentionW,0.022260971267758223
9,19,v_ES_InattentionW_E,-0.08036211713215945
9,19,v_ES_InattentionW_S,0.05606303235471671
9,21,a,1.9364584747827576
9,21,t,0.5095729034491474
9,21,z,0.8023923838888616
9,21,v_ES_AttentionW,0.025830644574056604
9,21,v_ES_InattentionW_E,-0.040733276641107555
9,21,v_ES_InattentionW_S,0.019501298641247514
9,22,a,2.0425884585914407
9,22,t,0.35831964545375183
9,22,z,0.38619848583950384
9,22,v_ES_AttentionW,0.03870572050574383
9,22,v_ES_InattentionW_E,-0.02310224207223535
9,22,v_ES_InattentionW_S,0.017930744291337793
9,23,a,1.3349876367012845
9,23,t,0.3853034686259196
9,23,z,0.6374673062603226
9,23,v_ES_AttentionW,0.058820607449857315
9,23,v_ES_InattentionW_E,0.002196983355812799
9,23,v_ES_InattentionW_S,0.02289261162059247
9,24,a,2.2219354986834072
9,24,t,0.4827775766437856
9,24,z,0.8568320284605868
9,24,v_ES_AttentionW,0.018816552738025898
9,24,v_ES_InattentionW_E,0.003698234974328536
9,24,v_ES_InattentionW_S,0.034446690546759806
9,25,a,1.829380047574133
9,25,t,0.6959591795258101
9,25,z,0.9485513781614743
9,25,v_ES_AttentionW,0.0044925481772258025
9,25,v_ES_InattentionW_E,-0.022469360087823402
9,25,v_ES_InattentionW_S,0.04057542818542269
9,27,a,2.4784498906021675
9,27,t,0.3242465203467944
9,27,z,0.5972782401696195
9,27,v_ES_AttentionW,0.03852206350651751
9,27,v_ES_InattentionW_E,-0.04514417221036009
9,27,v_ES_InattentionW_S,0.04150624043260763
